student_id,filename,url,mimeType,id
110101005,meta.json,https://drive.google.com/uc?export=view&id=1xs2utQROJVQKIrcPnzzbIrddwBID9Rns,application/json,1xs2utQROJVQKIrcPnzzbIrddwBID9Rns
112101004,meta.json,https://drive.google.com/uc?export=view&id=1mFpluOO0eWS7PZNGQNccEQutB300A0ox,application/json,1mFpluOO0eWS7PZNGQNccEQutB300A0ox
112101004,112101004_025.png,https://drive.google.com/uc?export=view&id=15H01rfmoSU2CKiMY_Zqb91S4RIYb2sLc,image/png,15H01rfmoSU2CKiMY_Zqb91S4RIYb2sLc
112101004,112101004_028.png,https://drive.google.com/uc?export=view&id=1GI0xk1MtZH54ub8OwYEnV_im3uScZ3gg,image/png,1GI0xk1MtZH54ub8OwYEnV_im3uScZ3gg
112101004,112101004_027.png,https://drive.google.com/uc?export=view&id=1SRb0SZUY1KwTI3-lQijSN46K_S4PsEDk,image/png,1SRb0SZUY1KwTI3-lQijSN46K_S4PsEDk
112101004,112101004_024.png,https://drive.google.com/uc?export=view&id=1kzMeIENAPYYlksrEuDQsv0sYtb7RJh3k,image/png,1kzMeIENAPYYlksrEuDQsv0sYtb7RJh3k
112101004,112101004_026.png,https://drive.google.com/uc?export=view&id=1oQ_JuSFu_DaJzPkBy22aATThMIVF4ZvU,image/png,1oQ_JuSFu_DaJzPkBy22aATThMIVF4ZvU
112101004,112101004_020.png,https://drive.google.com/uc?export=view&id=17w7VrtzDVcgAZLGwlYPVxzNlwB5AMKeZ,image/png,17w7VrtzDVcgAZLGwlYPVxzNlwB5AMKeZ
112101004,112101004_021.png,https://drive.google.com/uc?export=view&id=1CdXDrwvnVHkszV8uvqoVKHFjg9efDfJ0,image/png,1CdXDrwvnVHkszV8uvqoVKHFjg9efDfJ0
112101004,112101004_023.png,https://drive.google.com/uc?export=view&id=1Kq6tmvkQQiXz4dxHMd2YuV2wzXD0ad8e,image/png,1Kq6tmvkQQiXz4dxHMd2YuV2wzXD0ad8e
112101004,112101004_022.png,https://drive.google.com/uc?export=view&id=1oBsiA83c_1VipCP95wOEN4lAR1n7Q28x,image/png,1oBsiA83c_1VipCP95wOEN4lAR1n7Q28x
112101004,112101004_019.png,https://drive.google.com/uc?export=view&id=11ny6XXen7U0GqOfGarQ3pFzQYCLMQbWF,image/png,11ny6XXen7U0GqOfGarQ3pFzQYCLMQbWF
112101004,112101004_018.png,https://drive.google.com/uc?export=view&id=1B2BsU02CBdfu-ZvxTHUv6msEYTwe4MCl,image/png,1B2BsU02CBdfu-ZvxTHUv6msEYTwe4MCl
112101004,112101004_016.png,https://drive.google.com/uc?export=view&id=1oK3a3mj5HlaaMQHzXYmLCzkUd87TdfC3,image/png,1oK3a3mj5HlaaMQHzXYmLCzkUd87TdfC3
112101004,112101004_015.png,https://drive.google.com/uc?export=view&id=1phQseoNY1mFrEqMkddz38AGNkOHXaOEW,image/png,1phQseoNY1mFrEqMkddz38AGNkOHXaOEW
112101004,112101004_017.png,https://drive.google.com/uc?export=view&id=1sAmX9e_rCXO6te-VKGch2UH2UbFzLdt0,image/png,1sAmX9e_rCXO6te-VKGch2UH2UbFzLdt0
112101004,112101004_014.png,https://drive.google.com/uc?export=view&id=18rSOS5WfR2rTlV7hsgAgJbFOSaJDD6gS,image/png,18rSOS5WfR2rTlV7hsgAgJbFOSaJDD6gS
112101004,112101004_010.png,https://drive.google.com/uc?export=view&id=1P3ylUy9JOPA2h9r-TTrs7RC7Crr4kVHe,image/png,1P3ylUy9JOPA2h9r-TTrs7RC7Crr4kVHe
112101004,112101004_011.png,https://drive.google.com/uc?export=view&id=1YEbgtoXSxpXwcgKfx6ZxMTKbbfzhu_nD,image/png,1YEbgtoXSxpXwcgKfx6ZxMTKbbfzhu_nD
112101004,112101004_012.png,https://drive.google.com/uc?export=view&id=1bn0dTQpFPhUtLI7R05oANZMLhcV6ovZ6,image/png,1bn0dTQpFPhUtLI7R05oANZMLhcV6ovZ6
112101004,112101004_013.png,https://drive.google.com/uc?export=view&id=1y4Ka6UXFLWMunkb2BTd3VpX36u90CnLu,image/png,1y4Ka6UXFLWMunkb2BTd3VpX36u90CnLu
112101004,112101004_009.png,https://drive.google.com/uc?export=view&id=159lWGfQ6pKAnvD05tZu7tIycqLBibUE_,image/png,159lWGfQ6pKAnvD05tZu7tIycqLBibUE_
112101004,112101004_008.png,https://drive.google.com/uc?export=view&id=178CHhf0L7QQXNmbGRTCBpWO7OzSaJiiU,image/png,178CHhf0L7QQXNmbGRTCBpWO7OzSaJiiU
112101004,112101004_007.png,https://drive.google.com/uc?export=view&id=1HjlJq__7DRVyQRjWZJMI_Q7-po-jEs55,image/png,1HjlJq__7DRVyQRjWZJMI_Q7-po-jEs55
112101004,112101004_006.png,https://drive.google.com/uc?export=view&id=1DSTnEAm1qNTmB0-mP_WPcHIDhYa9fNbT,image/png,1DSTnEAm1qNTmB0-mP_WPcHIDhYa9fNbT
112101004,112101004_005.png,https://drive.google.com/uc?export=view&id=1Mw6cXN6Refr4O6o50k51MhKlgT5zHVFX,image/png,1Mw6cXN6Refr4O6o50k51MhKlgT5zHVFX
112101004,112101004_004.png,https://drive.google.com/uc?export=view&id=1nUrOPANF2m4swjFj1GQuba0a9hKFx2Ds,image/png,1nUrOPANF2m4swjFj1GQuba0a9hKFx2Ds
112101004,112101004_002.png,https://drive.google.com/uc?export=view&id=1e1l8KCZMRghKhynDYok6sgUmy75Ta8TW,image/png,1e1l8KCZMRghKhynDYok6sgUmy75Ta8TW
112101004,112101004_001.png,https://drive.google.com/uc?export=view&id=1sF4JT_pqu1xoA5SSPeeSMYjLg9l6l7eX,image/png,1sF4JT_pqu1xoA5SSPeeSMYjLg9l6l7eX
112101004,112101004_003.png,https://drive.google.com/uc?export=view&id=1ymolTpHq1_iJdQDiVDF_Sb1jY1bDwAcs,image/png,1ymolTpHq1_iJdQDiVDF_Sb1jY1bDwAcs
112101001,meta.json,https://drive.google.com/uc?export=view&id=1FYks1qhB6vUJPXKB6-gQk4AkQGnFl_eM,application/json,1FYks1qhB6vUJPXKB6-gQk4AkQGnFl_eM
112101001,audio.wav,https://drive.google.com/uc?export=view&id=1OCd4az5i3R2XH30Y76l3enbpQnB6HfyS,audio/wav,1OCd4az5i3R2XH30Y76l3enbpQnB6HfyS
112101003,meta.json,https://drive.google.com/uc?export=view&id=17oZYaA86tJwrSxojpmbiRL8aWE1dnvEv,application/json,17oZYaA86tJwrSxojpmbiRL8aWE1dnvEv
112101003,audio.wav,https://drive.google.com/uc?export=view&id=1l73rejGB1W0z0QFkDeK1nIrzjULsCKUQ,audio/wav,1l73rejGB1W0z0QFkDeK1nIrzjULsCKUQ
112101002,meta.json,https://drive.google.com/uc?export=view&id=1Z7u26T5Yez-vEqPbs63COGwc6xST-FWr,application/json,1Z7u26T5Yez-vEqPbs63COGwc6xST-FWr
112101002,112101002_020.png,https://drive.google.com/uc?export=view&id=131kbsWuOCzr5HmDAE_evASCQUPuplRt4,image/png,131kbsWuOCzr5HmDAE_evASCQUPuplRt4
112101002,112101002_021.png,https://drive.google.com/uc?export=view&id=15hFU2HQuv8GbtfmdOWLqDZdmbSCJunHY,image/png,15hFU2HQuv8GbtfmdOWLqDZdmbSCJunHY
112101002,112101002_022.png,https://drive.google.com/uc?export=view&id=1B61bSCYO7FwYjZ3G75jC-qNS8Qm5pR9l,image/png,1B61bSCYO7FwYjZ3G75jC-qNS8Qm5pR9l
112101002,112101002_019.png,https://drive.google.com/uc?export=view&id=1_LFh4sgS9qGF26VMI0ui8XSqUU5BEvbZ,image/png,1_LFh4sgS9qGF26VMI0ui8XSqUU5BEvbZ
112101002,112101002_013.png,https://drive.google.com/uc?export=view&id=1SPl8Xj6teRWo7NSHYPDoIJp_f-idhF73,image/png,1SPl8Xj6teRWo7NSHYPDoIJp_f-idhF73
112101002,112101002_012.png,https://drive.google.com/uc?export=view&id=1fV-IXMiuUD1NiDL_PCPqHfAbE2QS1xtv,image/png,1fV-IXMiuUD1NiDL_PCPqHfAbE2QS1xtv
112101002,112101002_014.png,https://drive.google.com/uc?export=view&id=1jrhIrJY81V5s7TyolB77xKdzbmrjNvbb,image/png,1jrhIrJY81V5s7TyolB77xKdzbmrjNvbb
112101002,112101002_018.png,https://drive.google.com/uc?export=view&id=1oVvSDKxOKhKRAVpYqAJZmxs2aiIEas3e,image/png,1oVvSDKxOKhKRAVpYqAJZmxs2aiIEas3e
112101002,112101002_015.png,https://drive.google.com/uc?export=view&id=1pKfmfu5_ke0XtsfotLjfx0YSIKs6Mrov,image/png,1pKfmfu5_ke0XtsfotLjfx0YSIKs6Mrov
112101002,112101002_016.png,https://drive.google.com/uc?export=view&id=1ssCY5yAeM1Po3wusF3ioEyvyu80pzWeC,image/png,1ssCY5yAeM1Po3wusF3ioEyvyu80pzWeC
112101002,112101002_017.png,https://drive.google.com/uc?export=view&id=1vu7LrnQ-A-ruVPKLkSO2ZB5EvUECZ1It,image/png,1vu7LrnQ-A-ruVPKLkSO2ZB5EvUECZ1It
112101002,112101002_005.png,https://drive.google.com/uc?export=view&id=12eYcwMK5yavXZlA2HAfPPVTviFDt9Onp,image/png,12eYcwMK5yavXZlA2HAfPPVTviFDt9Onp
112101002,112101002_011.png,https://drive.google.com/uc?export=view&id=18HKLIegNJILP_js4-srxT_x2i-66OYdy,image/png,18HKLIegNJILP_js4-srxT_x2i-66OYdy
112101002,112101002_008.png,https://drive.google.com/uc?export=view&id=19TDES2lX-4FOmBVlYGHDVcImMh_RMvJK,image/png,19TDES2lX-4FOmBVlYGHDVcImMh_RMvJK
112101002,112101002_009.png,https://drive.google.com/uc?export=view&id=1WLPxP2UW-0QX_l55jHX52-LHgYBjmijM,image/png,1WLPxP2UW-0QX_l55jHX52-LHgYBjmijM
112101002,112101002_007.png,https://drive.google.com/uc?export=view&id=1Wlhm1fvqDgUllShoZ8kk0MAPDarjpBHj,image/png,1Wlhm1fvqDgUllShoZ8kk0MAPDarjpBHj
112101002,112101002_006.png,https://drive.google.com/uc?export=view&id=1fwBi67h0MaKBwxddPLzuISZM8i4WqXcq,image/png,1fwBi67h0MaKBwxddPLzuISZM8i4WqXcq
112101002,112101002_010.png,https://drive.google.com/uc?export=view&id=1z-h6RvPIJkMEQvegc4CUhP4CIJo4KUa_,image/png,1z-h6RvPIJkMEQvegc4CUhP4CIJo4KUa_
112101002,112101002_002.png,https://drive.google.com/uc?export=view&id=1FhVw468g6-XnCqWZ07MMPqBR98GnCrN0,image/png,1FhVw468g6-XnCqWZ07MMPqBR98GnCrN0
112101002,112101002_001.png,https://drive.google.com/uc?export=view&id=1UVVRXTAT9-fZ4ywATMIWVLLqbzevQzmy,image/png,1UVVRXTAT9-fZ4ywATMIWVLLqbzevQzmy
112101002,112101002_004.png,https://drive.google.com/uc?export=view&id=1UiQVNBN4Vq0sCLClayWRdqaj6CN-nqVJ,image/png,1UiQVNBN4Vq0sCLClayWRdqaj6CN-nqVJ
112101002,112101002_003.png,https://drive.google.com/uc?export=view&id=1W48ekn9ktygwisSLhImRYoBv4A8BDE_I,image/png,1W48ekn9ktygwisSLhImRYoBv4A8BDE_I
110101529,meta.json,https://drive.google.com/uc?export=view&id=1k1RgodLl1eFGpAzXiKcSUszEwULPd1Xn,application/json,1k1RgodLl1eFGpAzXiKcSUszEwULPd1Xn
110101529,110101529_028.png,https://drive.google.com/uc?export=view&id=109upFlQHuEtCHYMhyGuAv96vklF1mfGI,image/png,109upFlQHuEtCHYMhyGuAv96vklF1mfGI
110101529,110101529_025.png,https://drive.google.com/uc?export=view&id=1f5OLyR_6L4wZlWNGwV11BXoU4w8nKCfm,image/png,1f5OLyR_6L4wZlWNGwV11BXoU4w8nKCfm
110101529,110101529_029.png,https://drive.google.com/uc?export=view&id=1fjTJVTkZ8wnzxnbZunql2g_wJX5MtBLa,image/png,1fjTJVTkZ8wnzxnbZunql2g_wJX5MtBLa
110101529,110101529_026.png,https://drive.google.com/uc?export=view&id=1nDBq5gVrEYOrWiL3F3-jg5GWA5eHDbdp,image/png,1nDBq5gVrEYOrWiL3F3-jg5GWA5eHDbdp
110101529,110101529_027.png,https://drive.google.com/uc?export=view&id=1vUIk5m0diI1jDV0YVJgZiRyNSvUT0SYy,image/png,1vUIk5m0diI1jDV0YVJgZiRyNSvUT0SYy
110101529,110101529_016.png,https://drive.google.com/uc?export=view&id=11KmmFSko7DXAFbO0heHxvdRTNLGc6PSI,image/png,11KmmFSko7DXAFbO0heHxvdRTNLGc6PSI
110101529,110101529_022.png,https://drive.google.com/uc?export=view&id=14q2-U65P1ByOQKZU0X69oPewMq2AgHDN,image/png,14q2-U65P1ByOQKZU0X69oPewMq2AgHDN
110101529,110101529_019.png,https://drive.google.com/uc?export=view&id=1GxO4lhbO5Ag6Xa0Q2kJIV1R9C_X2EiaX,image/png,1GxO4lhbO5Ag6Xa0Q2kJIV1R9C_X2EiaX
110101529,110101529_021.png,https://drive.google.com/uc?export=view&id=1KQFsftHbkRnnOUtyz80nIqqqYEq_0SDr,image/png,1KQFsftHbkRnnOUtyz80nIqqqYEq_0SDr
110101529,110101529_020.png,https://drive.google.com/uc?export=view&id=1LAxTUhZGKXg7diLIQmIEEkFxr3LViejX,image/png,1LAxTUhZGKXg7diLIQmIEEkFxr3LViejX
110101529,110101529_024.png,https://drive.google.com/uc?export=view&id=1MXyvndIircf3k9TFY4-fMcqNv8dTVs8N,image/png,1MXyvndIircf3k9TFY4-fMcqNv8dTVs8N
110101529,110101529_017.png,https://drive.google.com/uc?export=view&id=1N1WHtHMHN0xx2e0V5sWu6_NaSnEQXGli,image/png,1N1WHtHMHN0xx2e0V5sWu6_NaSnEQXGli
110101529,110101529_023.png,https://drive.google.com/uc?export=view&id=1X-OynYZR0onm3wKiMurKSq1v11jyr_Dp,image/png,1X-OynYZR0onm3wKiMurKSq1v11jyr_Dp
110101529,110101529_018.png,https://drive.google.com/uc?export=view&id=1pE5xHV2or5g2PEEISyqeRoImGu4p9Y7h,image/png,1pE5xHV2or5g2PEEISyqeRoImGu4p9Y7h
110101529,110101529_012.png,https://drive.google.com/uc?export=view&id=123fTmdcJGxUQvNv-SM9tgIq027ncz3xf,image/png,123fTmdcJGxUQvNv-SM9tgIq027ncz3xf
110101529,110101529_011.png,https://drive.google.com/uc?export=view&id=19jE8TJo97wKVdgtEM1xq6J5TCG1Ji2ZK,image/png,19jE8TJo97wKVdgtEM1xq6J5TCG1Ji2ZK
110101529,110101529_015.png,https://drive.google.com/uc?export=view&id=1IaLrwjat1144zfWayxRoAwKe_MwjkUua,image/png,1IaLrwjat1144zfWayxRoAwKe_MwjkUua
110101529,110101529_013.png,https://drive.google.com/uc?export=view&id=1Lkm4IyB0TwaQ4F7hJoJ-v1YshjCUk1ER,image/png,1Lkm4IyB0TwaQ4F7hJoJ-v1YshjCUk1ER
110101529,110101529_014.png,https://drive.google.com/uc?export=view&id=1YXi69m4TkziW0ON7pXPLzU8qdEPSn3KF,image/png,1YXi69m4TkziW0ON7pXPLzU8qdEPSn3KF
110101529,110101529_009.png,https://drive.google.com/uc?export=view&id=1_03G44RreFFEYzfgrogIgLhL7GJbnOL9,image/png,1_03G44RreFFEYzfgrogIgLhL7GJbnOL9
110101529,110101529_008.png,https://drive.google.com/uc?export=view&id=1fPC59cwMQlm7Oox4WkYbGa-kzyiDNMMo,image/png,1fPC59cwMQlm7Oox4WkYbGa-kzyiDNMMo
110101529,110101529_007.png,https://drive.google.com/uc?export=view&id=1ltSIAwfe0spWvILMESAHN6yDKvlCxahA,image/png,1ltSIAwfe0spWvILMESAHN6yDKvlCxahA
110101529,110101529_010.png,https://drive.google.com/uc?export=view&id=1uGPl6uEDw18S3wN6IoWcyW2lM-JHbJuK,image/png,1uGPl6uEDw18S3wN6IoWcyW2lM-JHbJuK
110101529,110101529_003.png,https://drive.google.com/uc?export=view&id=13a0tPNUVk-OQ1aK1xw5Zw77DmEE3IQh4,image/png,13a0tPNUVk-OQ1aK1xw5Zw77DmEE3IQh4
110101529,110101529_006.png,https://drive.google.com/uc?export=view&id=14Sq5YhD1kdSc0cvb-wUsO2s0vLGR_xTY,image/png,14Sq5YhD1kdSc0cvb-wUsO2s0vLGR_xTY
110101529,110101529_001.png,https://drive.google.com/uc?export=view&id=1715OU2Z1dCKDuLkAA57eFzklZPfdyOGt,image/png,1715OU2Z1dCKDuLkAA57eFzklZPfdyOGt
110101529,110101529_005.png,https://drive.google.com/uc?export=view&id=17kmHup6-Qj35dWulev67pSuTvPGGCjJ9,image/png,17kmHup6-Qj35dWulev67pSuTvPGGCjJ9
110101529,110101529_004.png,https://drive.google.com/uc?export=view&id=19Nh3T2akGvRi7gJVNCXinoa9m-E9MTUO,image/png,19Nh3T2akGvRi7gJVNCXinoa9m-E9MTUO
110101529,110101529_002.png,https://drive.google.com/uc?export=view&id=1qwI-PQojE-yxcJl3CMcgnECLohxCxHAf,image/png,1qwI-PQojE-yxcJl3CMcgnECLohxCxHAf
112101014,meta.json,https://drive.google.com/uc?export=view&id=1QkSwTuaMa1NAqizC-Kjk6Wkv43khrHFd,application/json,1QkSwTuaMa1NAqizC-Kjk6Wkv43khrHFd
112101014,112101014_011.png,https://drive.google.com/uc?export=view&id=1BngVxOpkb0araFTKZyKb5pO1llonU4wY,image/png,1BngVxOpkb0araFTKZyKb5pO1llonU4wY
112101014,112101014_009.png,https://drive.google.com/uc?export=view&id=13ymbSSRSP4YJ0wVK6RTLJt9rzMWDO9Kl,image/png,13ymbSSRSP4YJ0wVK6RTLJt9rzMWDO9Kl
112101014,112101014_010.png,https://drive.google.com/uc?export=view&id=1CdYbXNaAlMRaC-cu1VYhJp1tps4vV1jS,image/png,1CdYbXNaAlMRaC-cu1VYhJp1tps4vV1jS
112101014,112101014_007.png,https://drive.google.com/uc?export=view&id=1S3DAcCMAxoT-q2_nZQ3j2hq98E7KIqs_,image/png,1S3DAcCMAxoT-q2_nZQ3j2hq98E7KIqs_
112101014,112101014_006.png,https://drive.google.com/uc?export=view&id=1bFPGZwJoqc6De6mDFSWgrEcn8MTqwka4,image/png,1bFPGZwJoqc6De6mDFSWgrEcn8MTqwka4
112101014,112101014_008.png,https://drive.google.com/uc?export=view&id=1dduGTAI-MRYHvgCmqXf4e30JKBuK2pFa,image/png,1dduGTAI-MRYHvgCmqXf4e30JKBuK2pFa
112101014,112101014_005.png,https://drive.google.com/uc?export=view&id=1AmvfMustaqhkWMa50a_OxRRmp7Dc4Mwz,image/png,1AmvfMustaqhkWMa50a_OxRRmp7Dc4Mwz
112101014,112101014_003.png,https://drive.google.com/uc?export=view&id=1DSdDrKSP-N2pN7H1x2hK1L3XGj0isyDr,image/png,1DSdDrKSP-N2pN7H1x2hK1L3XGj0isyDr
112101014,112101014_004.png,https://drive.google.com/uc?export=view&id=1PqlANlsS6tzgn_A6q7svIM-sO5ekvfI_,image/png,1PqlANlsS6tzgn_A6q7svIM-sO5ekvfI_
112101014,112101014_002.png,https://drive.google.com/uc?export=view&id=1eob0hJ2E0a9bUaEiguQzDk7gpbQxyzqR,image/png,1eob0hJ2E0a9bUaEiguQzDk7gpbQxyzqR
112101014,112101014_001.png,https://drive.google.com/uc?export=view&id=1pQ5MDyS7pNIbDQWYONQUs9Al_ccqTqZr,image/png,1pQ5MDyS7pNIbDQWYONQUs9Al_ccqTqZr
112101201,meta.json,https://drive.google.com/uc?export=view&id=1VhRYz566E0JHziLhnn6FQtxfAr6Ob2Jl,application/json,1VhRYz566E0JHziLhnn6FQtxfAr6Ob2Jl
112101201,112101201_019.png,https://drive.google.com/uc?export=view&id=1Pf5XnvPnGM58XQhK_J-bShLjteiCCnyZ,image/png,1Pf5XnvPnGM58XQhK_J-bShLjteiCCnyZ
112101201,112101201_018.png,https://drive.google.com/uc?export=view&id=1WL83XaGlSio1_EbujmNX_aWFhcVgYyKo,image/png,1WL83XaGlSio1_EbujmNX_aWFhcVgYyKo
112101201,112101201_017.png,https://drive.google.com/uc?export=view&id=1skQc47MUXja9MToYvWZ92pvWYm8mPF8t,image/png,1skQc47MUXja9MToYvWZ92pvWYm8mPF8t
112101201,112101201_016.png,https://drive.google.com/uc?export=view&id=17m3UZ-N7Yg8koOKFrs0reBBSOO0SEhbk,image/png,17m3UZ-N7Yg8koOKFrs0reBBSOO0SEhbk
112101201,112101201_015.png,https://drive.google.com/uc?export=view&id=1Clb4HnxbNmcel-NcGHbCYus6TyUtTAnT,image/png,1Clb4HnxbNmcel-NcGHbCYus6TyUtTAnT
112101201,112101201_014.png,https://drive.google.com/uc?export=view&id=1n5KAiUy2OWVeengiqmS7HUpPhnPeiXNb,image/png,1n5KAiUy2OWVeengiqmS7HUpPhnPeiXNb
112101201,112101201_013.png,https://drive.google.com/uc?export=view&id=1KCLF6tWXJ85WWZ-v5-DVUUv3n_WFqvNF,image/png,1KCLF6tWXJ85WWZ-v5-DVUUv3n_WFqvNF
112101201,112101201_012.png,https://drive.google.com/uc?export=view&id=1pQAkfB7sBSGstPjPn2tjDD5DA_W2mMsr,image/png,1pQAkfB7sBSGstPjPn2tjDD5DA_W2mMsr
112101201,112101201_011.png,https://drive.google.com/uc?export=view&id=1jqeojUcEjx5SEZD5zPXGzgyhf2-DsRtO,image/png,1jqeojUcEjx5SEZD5zPXGzgyhf2-DsRtO
112101201,112101201_009.png,https://drive.google.com/uc?export=view&id=1SX_XQOdEmiD0a8ieFl2fK52h8S1HdLTC,image/png,1SX_XQOdEmiD0a8ieFl2fK52h8S1HdLTC
112101201,112101201_010.png,https://drive.google.com/uc?export=view&id=1fqJos4ndFDW8RuMV8hVRSd8UDoMULWyI,image/png,1fqJos4ndFDW8RuMV8hVRSd8UDoMULWyI
112101201,112101201_008.png,https://drive.google.com/uc?export=view&id=10YPPDN1sZplqRB0qACgdaG9Y88YM11bi,image/png,10YPPDN1sZplqRB0qACgdaG9Y88YM11bi
112101201,112101201_007.png,https://drive.google.com/uc?export=view&id=1eN_1Z-NtkJ0r9KYR3FiTDchxblS6Yxy9,image/png,1eN_1Z-NtkJ0r9KYR3FiTDchxblS6Yxy9
112101201,112101201_006.png,https://drive.google.com/uc?export=view&id=1hFKDtyS03AADhJ_xfFl-rHqGGuaKjA-P,image/png,1hFKDtyS03AADhJ_xfFl-rHqGGuaKjA-P
112101201,112101201_005.png,https://drive.google.com/uc?export=view&id=1BVmXbqqfWGWC0NidZNWsIwUt9gpBOE4i,image/png,1BVmXbqqfWGWC0NidZNWsIwUt9gpBOE4i
112101201,112101201_004.png,https://drive.google.com/uc?export=view&id=1czfMh9v9k8_qYBB6fsv4EXZd_-Q3905H,image/png,1czfMh9v9k8_qYBB6fsv4EXZd_-Q3905H
112101201,112101201_003.png,https://drive.google.com/uc?export=view&id=1Lus101EXDBZ8jP0r1S1wtE1LgUC3IbjH,image/png,1Lus101EXDBZ8jP0r1S1wtE1LgUC3IbjH
112101201,112101201_002.png,https://drive.google.com/uc?export=view&id=1yGOH61EaG23aV_JZqgirpBHN-9jLMYNb,image/png,1yGOH61EaG23aV_JZqgirpBHN-9jLMYNb
112101201,112101201_001.png,https://drive.google.com/uc?export=view&id=1sZ8eKFAeQsw7HCsQSvoiFT5RIFJ_D8Oj,image/png,1sZ8eKFAeQsw7HCsQSvoiFT5RIFJ_D8Oj
112101007,meta.json,https://drive.google.com/uc?export=view&id=1jACnCtsZNzY37CtflwIUurkpL4sCKsC4,application/json,1jACnCtsZNzY37CtflwIUurkpL4sCKsC4
112101007,112101007_023.png,https://drive.google.com/uc?export=view&id=1SbrDwByeCSjqQGSNyysGLGvwn77INORW,image/png,1SbrDwByeCSjqQGSNyysGLGvwn77INORW
112101007,112101007_020.png,https://drive.google.com/uc?export=view&id=1-EvPsj2yc-qXeK1EonzxlU1by7Qgm2sf,image/png,1-EvPsj2yc-qXeK1EonzxlU1by7Qgm2sf
112101007,112101007_021.png,https://drive.google.com/uc?export=view&id=16HW75c0Tbb1q1ri0BJWJHyJaY9aqAyjr,image/png,16HW75c0Tbb1q1ri0BJWJHyJaY9aqAyjr
112101007,112101007_022.png,https://drive.google.com/uc?export=view&id=1UGAUqYY5SpSjSDknbl4u96TLk99KpV31,image/png,1UGAUqYY5SpSjSDknbl4u96TLk99KpV31
112101007,112101007_019.png,https://drive.google.com/uc?export=view&id=1nj18vR85O2oHwyxibAEqiysbRALnANq_,image/png,1nj18vR85O2oHwyxibAEqiysbRALnANq_
112101007,112101007_018.png,https://drive.google.com/uc?export=view&id=1vhP_UtrDjNTqQpmy5vLnDziAGYzSElvq,image/png,1vhP_UtrDjNTqQpmy5vLnDziAGYzSElvq
112101007,112101007_016.png,https://drive.google.com/uc?export=view&id=1DSw-MJjqOIIQwIs3uQbSz14gsi3xdIqF,image/png,1DSw-MJjqOIIQwIs3uQbSz14gsi3xdIqF
112101007,112101007_017.png,https://drive.google.com/uc?export=view&id=1F7A4Z52CG15uuxO1MNao-v560FRha4Zp,image/png,1F7A4Z52CG15uuxO1MNao-v560FRha4Zp
112101007,112101007_014.png,https://drive.google.com/uc?export=view&id=15GeviX20NfjSIrPmf_VYrIqcZne1BP90,image/png,15GeviX20NfjSIrPmf_VYrIqcZne1BP90
112101007,112101007_015.png,https://drive.google.com/uc?export=view&id=1KutWldm4fjd_aANpDGk6z50GXFjknMUI,image/png,1KutWldm4fjd_aANpDGk6z50GXFjknMUI
112101007,112101007_012.png,https://drive.google.com/uc?export=view&id=1pGz8NX0XUqZdIGV8NAPEWd2RfcC1HVgp,image/png,1pGz8NX0XUqZdIGV8NAPEWd2RfcC1HVgp
112101007,112101007_013.png,https://drive.google.com/uc?export=view&id=1sahTAZTwLhEhqS-p3XcqVFUK7iZkBlZj,image/png,1sahTAZTwLhEhqS-p3XcqVFUK7iZkBlZj
112101007,112101007_011.png,https://drive.google.com/uc?export=view&id=18tmtlfzzh1p3Xa6piDZNzrO7vUa8hdSW,image/png,18tmtlfzzh1p3Xa6piDZNzrO7vUa8hdSW
112101007,112101007_008.png,https://drive.google.com/uc?export=view&id=1E8ZAxMks6-loSBmogYCruT3PUCRlJhgh,image/png,1E8ZAxMks6-loSBmogYCruT3PUCRlJhgh
112101007,112101007_010.png,https://drive.google.com/uc?export=view&id=1oLVFQ2QDZx6zlMOy_SiMRbB4HAauK-R-,image/png,1oLVFQ2QDZx6zlMOy_SiMRbB4HAauK-R-
112101007,112101007_009.png,https://drive.google.com/uc?export=view&id=1qNnNUJ9qegtzMLutT5s6xND_AaWNhqH8,image/png,1qNnNUJ9qegtzMLutT5s6xND_AaWNhqH8
112101007,112101007_007.png,https://drive.google.com/uc?export=view&id=18O1DYDWk5SuajzPzs5Jjkeu_jFpjjPIE,image/png,18O1DYDWk5SuajzPzs5Jjkeu_jFpjjPIE
112101007,112101007_006.png,https://drive.google.com/uc?export=view&id=1Xg3leWQdYG3i5IzTrCuuDnUAUU7jh9Ii,image/png,1Xg3leWQdYG3i5IzTrCuuDnUAUU7jh9Ii
112101007,112101007_005.png,https://drive.google.com/uc?export=view&id=1cJYP9NDFqRKZ_lw7HWo3pzmfxC_exyDs,image/png,1cJYP9NDFqRKZ_lw7HWo3pzmfxC_exyDs
112101007,112101007_004.png,https://drive.google.com/uc?export=view&id=13k-QXR3CneyNw4aHs_M3VB0Dk4_B9qVb,image/png,13k-QXR3CneyNw4aHs_M3VB0Dk4_B9qVb
112101007,112101007_003.png,https://drive.google.com/uc?export=view&id=1F6f2Pk-Z_XfaXn19fVin0NDdJAs42qg1,image/png,1F6f2Pk-Z_XfaXn19fVin0NDdJAs42qg1
112101007,112101007_002.png,https://drive.google.com/uc?export=view&id=1r5uNMAvhaXe7mBR1brHlm12AV6505syO,image/png,1r5uNMAvhaXe7mBR1brHlm12AV6505syO
112101007,112101007_001.png,https://drive.google.com/uc?export=view&id=1FVveh36Hc9ScPw8sGSlvEu8NZ9eE8j6Y,image/png,1FVveh36Hc9ScPw8sGSlvEu8NZ9eE8j6Y
112101012,meta.json,https://drive.google.com/uc?export=view&id=1mjmcb1Q-W_7VeLCD66St5ZLWAKon4lfF,application/json,1mjmcb1Q-W_7VeLCD66St5ZLWAKon4lfF
112101012,audio.wav,https://drive.google.com/uc?export=view&id=1wZxyH1pNZVQL-MeCJ37rdUZ0sIA20o3T,audio/wav,1wZxyH1pNZVQL-MeCJ37rdUZ0sIA20o3T
112101008,meta.json,https://drive.google.com/uc?export=view&id=147bBJCtwW5fPEgOxfob6_kPIC9ZQMnrl,application/json,147bBJCtwW5fPEgOxfob6_kPIC9ZQMnrl
112101008,112101008_031.png,https://drive.google.com/uc?export=view&id=1Bg9pig8QlrZ6-CrH-gqWaadFMvotq8KP,image/png,1Bg9pig8QlrZ6-CrH-gqWaadFMvotq8KP
112101008,112101008_030.png,https://drive.google.com/uc?export=view&id=1R2rdXnEIP5IjJkoInuU4z9b0Pp7BHwol,image/png,1R2rdXnEIP5IjJkoInuU4z9b0Pp7BHwol
112101008,112101008_029.png,https://drive.google.com/uc?export=view&id=1W8rFuFEaOVFpyagsqOWiQGiNVoVXmY0j,image/png,1W8rFuFEaOVFpyagsqOWiQGiNVoVXmY0j
112101008,112101008_032.png,https://drive.google.com/uc?export=view&id=1t-5j25sMaPt-ZwV9Q6hPFqPaUUbb6TDN,image/png,1t-5j25sMaPt-ZwV9Q6hPFqPaUUbb6TDN
112101008,112101008_028.png,https://drive.google.com/uc?export=view&id=1yijRBYkJja23V96v7lDwOrviiz_zxTNf,image/png,1yijRBYkJja23V96v7lDwOrviiz_zxTNf
112101008,112101008_027.png,https://drive.google.com/uc?export=view&id=1kSJxSl9e7iOdrufRhJoMvdGOPweYSfjh,image/png,1kSJxSl9e7iOdrufRhJoMvdGOPweYSfjh
112101008,112101008_026.png,https://drive.google.com/uc?export=view&id=1jnuecllWF9h6seUy9khpZIcFESHIzC3x,image/png,1jnuecllWF9h6seUy9khpZIcFESHIzC3x
112101008,112101008_024.png,https://drive.google.com/uc?export=view&id=1kCJ8LDBxx_Y4HxLyPsKzI4Qyxba4SahQ,image/png,1kCJ8LDBxx_Y4HxLyPsKzI4Qyxba4SahQ
112101008,112101008_025.png,https://drive.google.com/uc?export=view&id=1wjgk9LsDnsNOH2DEIfAc7UbcE9WRlGR4,image/png,1wjgk9LsDnsNOH2DEIfAc7UbcE9WRlGR4
112101008,112101008_023.png,https://drive.google.com/uc?export=view&id=1JA_FEXWI7_nHfNgZVQ9XyM3KzXXtHs_c,image/png,1JA_FEXWI7_nHfNgZVQ9XyM3KzXXtHs_c
112101008,112101008_021.png,https://drive.google.com/uc?export=view&id=1ru8_UI9R3Zu8PGa3nItpVLaxbYLx7b-o,image/png,1ru8_UI9R3Zu8PGa3nItpVLaxbYLx7b-o
112101008,112101008_022.png,https://drive.google.com/uc?export=view&id=1yxwH5AYkb9ZMRP9GlfgylASHXkKSNzpi,image/png,1yxwH5AYkb9ZMRP9GlfgylASHXkKSNzpi
112101008,112101008_019.png,https://drive.google.com/uc?export=view&id=1QXF-_d0j8VwgfFLO9Xk91rR85dcW1HK-,image/png,1QXF-_d0j8VwgfFLO9Xk91rR85dcW1HK-
112101008,112101008_020.png,https://drive.google.com/uc?export=view&id=1r1dzrcdzq0AxjcH-zkTTx7ZJ8M-Ph0Bh,image/png,1r1dzrcdzq0AxjcH-zkTTx7ZJ8M-Ph0Bh
112101008,112101008_018.png,https://drive.google.com/uc?export=view&id=1ZfFznoDjEY3ns7YkEI7XD0NE6KzfvHI9,image/png,1ZfFznoDjEY3ns7YkEI7XD0NE6KzfvHI9
112101008,112101008_016.png,https://drive.google.com/uc?export=view&id=16TH0P2aVcwrdAcqdyDKBIWUirk5U3YQ7,image/png,16TH0P2aVcwrdAcqdyDKBIWUirk5U3YQ7
112101008,112101008_017.png,https://drive.google.com/uc?export=view&id=1U6N4KeCV1qUAkkzun-AOQ9soJYnnFlxH,image/png,1U6N4KeCV1qUAkkzun-AOQ9soJYnnFlxH
112101008,112101008_015.png,https://drive.google.com/uc?export=view&id=199gUahUPURaCDamIi9XV7MmqGaMXlJUX,image/png,199gUahUPURaCDamIi9XV7MmqGaMXlJUX
112101008,112101008_014.png,https://drive.google.com/uc?export=view&id=1pWrpot6PY3V5mVmN-c9wDjb7YeSXi5AS,image/png,1pWrpot6PY3V5mVmN-c9wDjb7YeSXi5AS
112101008,112101008_013.png,https://drive.google.com/uc?export=view&id=1SpXJelgIQHGzNgMt3uCCBWoMIytYroQF,image/png,1SpXJelgIQHGzNgMt3uCCBWoMIytYroQF
112101008,112101008_010.png,https://drive.google.com/uc?export=view&id=14dW4vKiBURzocQx5jJ_h9GwLMQ7DbU1b,image/png,14dW4vKiBURzocQx5jJ_h9GwLMQ7DbU1b
112101008,112101008_012.png,https://drive.google.com/uc?export=view&id=1GLTAs-hi2qpSh4qjpNO9FjOsXVxEdaPJ,image/png,1GLTAs-hi2qpSh4qjpNO9FjOsXVxEdaPJ
112101008,112101008_011.png,https://drive.google.com/uc?export=view&id=1rnrEi3vbzR5AuwtAWxtyxNoIV6RqDpF9,image/png,1rnrEi3vbzR5AuwtAWxtyxNoIV6RqDpF9
112101008,112101008_009.png,https://drive.google.com/uc?export=view&id=1nFw2AOQlEywv7fp637Re1pxrkM1eYBCv,image/png,1nFw2AOQlEywv7fp637Re1pxrkM1eYBCv
112101008,112101008_008.png,https://drive.google.com/uc?export=view&id=1V982iALT5J-86XFKEMJoaNV2lghwsOyQ,image/png,1V982iALT5J-86XFKEMJoaNV2lghwsOyQ
112101008,112101008_007.png,https://drive.google.com/uc?export=view&id=1icp-ckXnljUa_BK-yz5JeSb1d3dOyBtM,image/png,1icp-ckXnljUa_BK-yz5JeSb1d3dOyBtM
112101008,112101008_006.png,https://drive.google.com/uc?export=view&id=197gB89NPRglg1MxpSS7ypAGCB8gsJovP,image/png,197gB89NPRglg1MxpSS7ypAGCB8gsJovP
112101008,112101008_005.png,https://drive.google.com/uc?export=view&id=1BGBB1iNyGgsocBeQqLwFXmSg_WUEo0u2,image/png,1BGBB1iNyGgsocBeQqLwFXmSg_WUEo0u2
112101008,112101008_004.png,https://drive.google.com/uc?export=view&id=1E78vz08ACHrd7Ca2IQzF37HOqdV3OT-I,image/png,1E78vz08ACHrd7Ca2IQzF37HOqdV3OT-I
112101008,112101008_003.png,https://drive.google.com/uc?export=view&id=1KPuhyHR7DCS5Mx54aUiDOH__T9Y81YGQ,image/png,1KPuhyHR7DCS5Mx54aUiDOH__T9Y81YGQ
112101008,112101008_002.png,https://drive.google.com/uc?export=view&id=1eFkJm_GEA8TLS0_6OUh1bAW8IURH_W7a,image/png,1eFkJm_GEA8TLS0_6OUh1bAW8IURH_W7a
112101008,112101008_001.png,https://drive.google.com/uc?export=view&id=1eQPtk0bdfUWiXsdlZ3bXX_RzwBYPt3UD,image/png,1eQPtk0bdfUWiXsdlZ3bXX_RzwBYPt3UD
112101010,meta.json,https://drive.google.com/uc?export=view&id=1fdFOY82kqfr7WzCmJZmdWlwqRjGGEjbS,application/json,1fdFOY82kqfr7WzCmJZmdWlwqRjGGEjbS
112101010,112101010_036.png,https://drive.google.com/uc?export=view&id=1539a2LBgp5JdlffPpjYhij_SIx0RgKvK,image/png,1539a2LBgp5JdlffPpjYhij_SIx0RgKvK
112101010,112101010_033.png,https://drive.google.com/uc?export=view&id=1W7UctT5Ig_oGgN1OLc87Agb2gKCsjaGJ,image/png,1W7UctT5Ig_oGgN1OLc87Agb2gKCsjaGJ
112101010,112101010_037.png,https://drive.google.com/uc?export=view&id=1_Y9kvLv2PrLXrUwmX-o53P07enTSdED_,image/png,1_Y9kvLv2PrLXrUwmX-o53P07enTSdED_
112101010,112101010_038.png,https://drive.google.com/uc?export=view&id=1gbr_1oUmEMbzkiSVCk4Tou7owYMXCPjQ,image/png,1gbr_1oUmEMbzkiSVCk4Tou7owYMXCPjQ
112101010,112101010_034.png,https://drive.google.com/uc?export=view&id=1o0mtyuElglL0XjUZui2NqDVwrSIpNFSv,image/png,1o0mtyuElglL0XjUZui2NqDVwrSIpNFSv
112101010,112101010_035.png,https://drive.google.com/uc?export=view&id=1p2nv6NjPfb-N3WqIJHZWvr_glgrSbkPK,image/png,1p2nv6NjPfb-N3WqIJHZWvr_glgrSbkPK
112101010,112101010_031.png,https://drive.google.com/uc?export=view&id=1EHC0oKUJzKLktaQOclELsDIqous63q6m,image/png,1EHC0oKUJzKLktaQOclELsDIqous63q6m
112101010,112101010_030.png,https://drive.google.com/uc?export=view&id=1FYaDKap1zDOms4nbyI18bXPdfOl_QrIZ,image/png,1FYaDKap1zDOms4nbyI18bXPdfOl_QrIZ
112101010,112101010_027.png,https://drive.google.com/uc?export=view&id=1I2kFBiUzm0YklRxKKgOUsixolD5cMGQr,image/png,1I2kFBiUzm0YklRxKKgOUsixolD5cMGQr
112101010,112101010_032.png,https://drive.google.com/uc?export=view&id=1JQtBZ-kTS6jsnN92P01mtpHQArijBViV,image/png,1JQtBZ-kTS6jsnN92P01mtpHQArijBViV
112101010,112101010_028.png,https://drive.google.com/uc?export=view&id=1Zsmp7uoRg9aM8i0dTokx11jdmg4DY0JQ,image/png,1Zsmp7uoRg9aM8i0dTokx11jdmg4DY0JQ
112101010,112101010_029.png,https://drive.google.com/uc?export=view&id=1dNbi633-G7R2p_EWVFWrE5HcBeQjSlPA,image/png,1dNbi633-G7R2p_EWVFWrE5HcBeQjSlPA
112101010,112101010_026.png,https://drive.google.com/uc?export=view&id=1iWUYBAhPxk4081YoUqERKpO0569P-Vur,image/png,1iWUYBAhPxk4081YoUqERKpO0569P-Vur
112101010,112101010_025.png,https://drive.google.com/uc?export=view&id=1ErMXFcQigDYuKMqVvmTXqDVp8SpwcM2G,image/png,1ErMXFcQigDYuKMqVvmTXqDVp8SpwcM2G
112101010,112101010_024.png,https://drive.google.com/uc?export=view&id=1I8WCPf2PFwS5DgUJ_GW35drkErE1JRke,image/png,1I8WCPf2PFwS5DgUJ_GW35drkErE1JRke
112101010,112101010_020.png,https://drive.google.com/uc?export=view&id=1MeV7lc7aju0w4FTBSLAB0FUhgGmcTlJ5,image/png,1MeV7lc7aju0w4FTBSLAB0FUhgGmcTlJ5
112101010,112101010_018.png,https://drive.google.com/uc?export=view&id=1OnzKuKaeGu8Psnn2iMZNwZK2-4mav_af,image/png,1OnzKuKaeGu8Psnn2iMZNwZK2-4mav_af
112101010,112101010_022.png,https://drive.google.com/uc?export=view&id=1RVe7R7XzHNrQNnjIY4MkIXNFPSvMfHJd,image/png,1RVe7R7XzHNrQNnjIY4MkIXNFPSvMfHJd
112101010,112101010_023.png,https://drive.google.com/uc?export=view&id=1SiQmt9NbFicNAoZf3CxvhMYA-A80A3La,image/png,1SiQmt9NbFicNAoZf3CxvhMYA-A80A3La
112101010,112101010_021.png,https://drive.google.com/uc?export=view&id=1jysgtuRiGsDpnDnzsZM_nf-JpCwect7t,image/png,1jysgtuRiGsDpnDnzsZM_nf-JpCwect7t
112101010,112101010_019.png,https://drive.google.com/uc?export=view&id=1xrFTlMKlSvi7h5J2W2aJa54emVYY4D_w,image/png,1xrFTlMKlSvi7h5J2W2aJa54emVYY4D_w
112101010,112101010_014.png,https://drive.google.com/uc?export=view&id=19kzeFySk8JpiHaheqxMkBYESunYWucOy,image/png,19kzeFySk8JpiHaheqxMkBYESunYWucOy
112101010,112101010_015.png,https://drive.google.com/uc?export=view&id=1fbNWwXkUKx2RQmAi_hLK1MJwS8Fu9Ssd,image/png,1fbNWwXkUKx2RQmAi_hLK1MJwS8Fu9Ssd
112101010,112101010_017.png,https://drive.google.com/uc?export=view&id=1iPReHncg0HHi8Q-DGceX-JTObd15d4mW,image/png,1iPReHncg0HHi8Q-DGceX-JTObd15d4mW
112101010,112101010_016.png,https://drive.google.com/uc?export=view&id=1vcyIKDZaz76Si293yJhN74fy_Up38nPB,image/png,1vcyIKDZaz76Si293yJhN74fy_Up38nPB
112101010,112101010_011.png,https://drive.google.com/uc?export=view&id=1-FL8-YgA-cfjXvDbgBBceM_hcCy2GWnk,image/png,1-FL8-YgA-cfjXvDbgBBceM_hcCy2GWnk
112101010,112101010_013.png,https://drive.google.com/uc?export=view&id=1KGAtlqttWww9PdQ5IJ30M5WbXEbZmJKC,image/png,1KGAtlqttWww9PdQ5IJ30M5WbXEbZmJKC
112101010,112101010_012.png,https://drive.google.com/uc?export=view&id=1P63MTF3HIOXmEjA2j6T5FFSOJb-YBsVz,image/png,1P63MTF3HIOXmEjA2j6T5FFSOJb-YBsVz
112101010,112101010_010.png,https://drive.google.com/uc?export=view&id=1znQBph6nZEytWEguI-5IGYKQjO0QkoHn,image/png,1znQBph6nZEytWEguI-5IGYKQjO0QkoHn
112101010,112101010_006.png,https://drive.google.com/uc?export=view&id=13-Qs2QHdc51dFiTx8CqUQemAnVNlfhWf,image/png,13-Qs2QHdc51dFiTx8CqUQemAnVNlfhWf
112101010,112101010_009.png,https://drive.google.com/uc?export=view&id=1DjPg7gbQQx1BUrKSgx9Wzt_2b3Nh4Q8Q,image/png,1DjPg7gbQQx1BUrKSgx9Wzt_2b3Nh4Q8Q
112101010,112101010_007.png,https://drive.google.com/uc?export=view&id=1EKeZZSXlNsPLCulD3_8gkX8n9GDS_xl6,image/png,1EKeZZSXlNsPLCulD3_8gkX8n9GDS_xl6
112101010,112101010_004.png,https://drive.google.com/uc?export=view&id=1LfNJXy87ZVroFPKF8stPs30akOE4gTYh,image/png,1LfNJXy87ZVroFPKF8stPs30akOE4gTYh
112101010,112101010_008.png,https://drive.google.com/uc?export=view&id=1SznHbBwZrjK7IVZJlF-ZyX6XTsrIt5_i,image/png,1SznHbBwZrjK7IVZJlF-ZyX6XTsrIt5_i
112101010,112101010_005.png,https://drive.google.com/uc?export=view&id=1vzE2Bdq-_Pi237bbpQw2Ismn9Qidm3Tb,image/png,1vzE2Bdq-_Pi237bbpQw2Ismn9Qidm3Tb
112101010,112101010_003.png,https://drive.google.com/uc?export=view&id=1SiSRh70FFUGVhHI2Pyszi8cQ_W5jyaF9,image/png,1SiSRh70FFUGVhHI2Pyszi8cQ_W5jyaF9
112101010,112101010_002.png,https://drive.google.com/uc?export=view&id=1bGkZpR3w8UIEdXuRcCuh_DappaHkMxNA,image/png,1bGkZpR3w8UIEdXuRcCuh_DappaHkMxNA
112101010,112101010_001.png,https://drive.google.com/uc?export=view&id=1u3_1q4YirghmW2T8XQ2H3LRSR2JG9Xb1,image/png,1u3_1q4YirghmW2T8XQ2H3LRSR2JG9Xb1
112101017,meta.json,https://drive.google.com/uc?export=view&id=1TpnpwF7tDMj71V7wnLxFMIAhgHXBf0zi,application/json,1TpnpwF7tDMj71V7wnLxFMIAhgHXBf0zi
112101017,video.mp4,https://drive.google.com/uc?export=view&id=1NF0tAUV_czpvfHmh0lxvdSQWgwswKXwv,video/mp4,1NF0tAUV_czpvfHmh0lxvdSQWgwswKXwv
112101013,meta.json,https://drive.google.com/uc?export=view&id=1t6K2lEqQ0Ez7B9Wts4-JiXECvgRhloNT,application/json,1t6K2lEqQ0Ez7B9Wts4-JiXECvgRhloNT
112101013,112101013_030.png,https://drive.google.com/uc?export=view&id=15aMbygHUdyc7hOHoHSv2KNPVcxQHJVOf,image/png,15aMbygHUdyc7hOHoHSv2KNPVcxQHJVOf
112101013,112101013_028.png,https://drive.google.com/uc?export=view&id=1EDyVTS34c49QNLVfndQhE5GPHmLQHRfG,image/png,1EDyVTS34c49QNLVfndQhE5GPHmLQHRfG
112101013,112101013_032.png,https://drive.google.com/uc?export=view&id=1HR0cNjlRtcm3mp4qAjiBMIg3_tBMYlw0,image/png,1HR0cNjlRtcm3mp4qAjiBMIg3_tBMYlw0
112101013,112101013_033.png,https://drive.google.com/uc?export=view&id=1VPpDpobETKzBvtxAcxva4QTK2K0qB6KL,image/png,1VPpDpobETKzBvtxAcxva4QTK2K0qB6KL
112101013,112101013_031.png,https://drive.google.com/uc?export=view&id=1afAL3oOqWqYlrDf-rq3UoIOiv6nwt-eA,image/png,1afAL3oOqWqYlrDf-rq3UoIOiv6nwt-eA
112101013,112101013_034.png,https://drive.google.com/uc?export=view&id=1lttdXQTiNNaLULuaXTjhOosr1EwWnxhY,image/png,1lttdXQTiNNaLULuaXTjhOosr1EwWnxhY
112101013,112101013_029.png,https://drive.google.com/uc?export=view&id=1rG1jvogaAjUsMqeBAeQkk8OH3xy0q1dz,image/png,1rG1jvogaAjUsMqeBAeQkk8OH3xy0q1dz
112101013,112101013_022.png,https://drive.google.com/uc?export=view&id=13S1k_-uThx0zCyRH09MkctC_v_IYD5dP,image/png,13S1k_-uThx0zCyRH09MkctC_v_IYD5dP
112101013,112101013_025.png,https://drive.google.com/uc?export=view&id=1ImKvuJEjnf2qeurCjFrPsVblaExD1MrJ,image/png,1ImKvuJEjnf2qeurCjFrPsVblaExD1MrJ
112101013,112101013_026.png,https://drive.google.com/uc?export=view&id=1O3S_TDxlUDMWJ5ubumRoWi5YiuWCYiR-,image/png,1O3S_TDxlUDMWJ5ubumRoWi5YiuWCYiR-
112101013,112101013_023.png,https://drive.google.com/uc?export=view&id=1XnQSjI38xvuyDND-INJ7kP7RUof-JP0W,image/png,1XnQSjI38xvuyDND-INJ7kP7RUof-JP0W
112101013,112101013_024.png,https://drive.google.com/uc?export=view&id=1jHWMYGHVMv0X0pj3kvAMYMtfmrgTytjo,image/png,1jHWMYGHVMv0X0pj3kvAMYMtfmrgTytjo
112101013,112101013_027.png,https://drive.google.com/uc?export=view&id=1xlxcBcfCmskRWovRVwkgK9_3SlKxZhSC,image/png,1xlxcBcfCmskRWovRVwkgK9_3SlKxZhSC
112101013,112101013_021.png,https://drive.google.com/uc?export=view&id=1zAdGgMHRmuUUGjot2WLf-qfnAffnZYFZ,image/png,1zAdGgMHRmuUUGjot2WLf-qfnAffnZYFZ
112101013,112101013_017.png,https://drive.google.com/uc?export=view&id=14P3GqzCr9PjDB5NKuLa-K11k8mXISByr,image/png,14P3GqzCr9PjDB5NKuLa-K11k8mXISByr
112101013,112101013_018.png,https://drive.google.com/uc?export=view&id=14rtNb_6UiorZqUhwKEdikArwfR2zchA9,image/png,14rtNb_6UiorZqUhwKEdikArwfR2zchA9
112101013,112101013_019.png,https://drive.google.com/uc?export=view&id=1B5jc-jyeYjtxEWDePctv9Ko4w_EXyKdT,image/png,1B5jc-jyeYjtxEWDePctv9Ko4w_EXyKdT
112101013,112101013_020.png,https://drive.google.com/uc?export=view&id=1E62qyplBTQ7aYG7vsExcnchIzADPARKm,image/png,1E62qyplBTQ7aYG7vsExcnchIzADPARKm
112101013,112101013_015.png,https://drive.google.com/uc?export=view&id=1ExsKFYnUSJYQO68gj0Bh_-SFHFXsNcOA,image/png,1ExsKFYnUSJYQO68gj0Bh_-SFHFXsNcOA
112101013,112101013_016.png,https://drive.google.com/uc?export=view&id=1PgivLCZ26S0idarMGW9TrSCeUrM_zPWK,image/png,1PgivLCZ26S0idarMGW9TrSCeUrM_zPWK
112101013,112101013_006.png,https://drive.google.com/uc?export=view&id=110ksa6RG-scm8v6K8KK7eS0_ph-Z937q,image/png,110ksa6RG-scm8v6K8KK7eS0_ph-Z937q
112101013,112101013_014.png,https://drive.google.com/uc?export=view&id=1K3DZ-qVf0jfjzvq28fERwYmf0psyukVy,image/png,1K3DZ-qVf0jfjzvq28fERwYmf0psyukVy
112101013,112101013_005.png,https://drive.google.com/uc?export=view&id=1OmRfGrF-92Jfg0LHeGFUX6BAmm3PT9Ti,image/png,1OmRfGrF-92Jfg0LHeGFUX6BAmm3PT9Ti
112101013,112101013_007.png,https://drive.google.com/uc?export=view&id=1QI2QDUd7Kg-WUGVx6q1L1Wo3EHM7LPKb,image/png,1QI2QDUd7Kg-WUGVx6q1L1Wo3EHM7LPKb
112101013,112101013_010.png,https://drive.google.com/uc?export=view&id=1Utzu0al5u5rNwvJhRVT1M1EDpbjIyybT,image/png,1Utzu0al5u5rNwvJhRVT1M1EDpbjIyybT
112101013,112101013_008.png,https://drive.google.com/uc?export=view&id=1apej2segfGEpadv__nDX9OGPGxoXjSXZ,image/png,1apej2segfGEpadv__nDX9OGPGxoXjSXZ
112101013,112101013_009.png,https://drive.google.com/uc?export=view&id=1bMr9yEEY5YKkLK598s0bVMD8AXZM1KLj,image/png,1bMr9yEEY5YKkLK598s0bVMD8AXZM1KLj
112101013,112101013_012.png,https://drive.google.com/uc?export=view&id=1cAK5Y5SrWEqcEZlEYqS_hyWYZLPxOaya,image/png,1cAK5Y5SrWEqcEZlEYqS_hyWYZLPxOaya
112101013,112101013_011.png,https://drive.google.com/uc?export=view&id=1jyNPiUF97UZXKhShu7W95soIFAXX9OC0,image/png,1jyNPiUF97UZXKhShu7W95soIFAXX9OC0
112101013,112101013_013.png,https://drive.google.com/uc?export=view&id=1rSAFc8TOYdSgjtkdbCDoJuF6hmNU38UF,image/png,1rSAFc8TOYdSgjtkdbCDoJuF6hmNU38UF
112101013,112101013_004.png,https://drive.google.com/uc?export=view&id=1v0GA1gnDpg99lQBzHl_svfaqY9MFg0IN,image/png,1v0GA1gnDpg99lQBzHl_svfaqY9MFg0IN
112101013,112101013_001.png,https://drive.google.com/uc?export=view&id=1RkgItGiLu1BcUHFr0Pa4c4oBrnfaWtyT,image/png,1RkgItGiLu1BcUHFr0Pa4c4oBrnfaWtyT
112101013,112101013_003.png,https://drive.google.com/uc?export=view&id=1TBckR64AIX4WFs9csCA77-TBH_MpMhmB,image/png,1TBckR64AIX4WFs9csCA77-TBH_MpMhmB
112101013,112101013_002.png,https://drive.google.com/uc?export=view&id=1VoWrsY2k2YUHeCVr-da56qw2BB0jwVxl,image/png,1VoWrsY2k2YUHeCVr-da56qw2BB0jwVxl
112101015,meta.json,https://drive.google.com/uc?export=view&id=1SwoLOZM8rPcr_4qpjSPaqgyJSuzKRKwl,application/json,1SwoLOZM8rPcr_4qpjSPaqgyJSuzKRKwl
112101015,112101015_012.png,https://drive.google.com/uc?export=view&id=12o_dvUNuuIpJWyrSfk9EXrRO_AXD38eV,image/png,12o_dvUNuuIpJWyrSfk9EXrRO_AXD38eV
112101015,112101015_011.png,https://drive.google.com/uc?export=view&id=199BqW--lJxEXHB8lk-3jNS8mjTzuTCIg,image/png,199BqW--lJxEXHB8lk-3jNS8mjTzuTCIg
112101015,112101015_013.png,https://drive.google.com/uc?export=view&id=1my8w63-HI9lBKbShXk5K2WP0YfU9oSf_,image/png,1my8w63-HI9lBKbShXk5K2WP0YfU9oSf_
112101015,112101015_014.png,https://drive.google.com/uc?export=view&id=1tF7yIVvfyK4DihiUiI7yiCO51tEWMEDt,image/png,1tF7yIVvfyK4DihiUiI7yiCO51tEWMEDt
112101015,112101015_015.png,https://drive.google.com/uc?export=view&id=1yDDtaCf0tSJ4UJkXSZd5fVbnMO5KZW2i,image/png,1yDDtaCf0tSJ4UJkXSZd5fVbnMO5KZW2i
112101015,112101015_004.png,https://drive.google.com/uc?export=view&id=18g2kytPsIq3SnCPIWaoNc5ARNUCK4n86,image/png,18g2kytPsIq3SnCPIWaoNc5ARNUCK4n86
112101015,112101015_001.png,https://drive.google.com/uc?export=view&id=1HOEFHWsQvEOPt3OTk0qzZe-otqyxDypl,image/png,1HOEFHWsQvEOPt3OTk0qzZe-otqyxDypl
112101015,112101015_009.png,https://drive.google.com/uc?export=view&id=1PWg2AIy7ksw8tVnUt7gW-3G0n5J8zNPm,image/png,1PWg2AIy7ksw8tVnUt7gW-3G0n5J8zNPm
112101015,112101015_010.png,https://drive.google.com/uc?export=view&id=1_cxrgCcg625kCQni8ht7_paIplXPCG5h,image/png,1_cxrgCcg625kCQni8ht7_paIplXPCG5h
112101015,112101015_002.png,https://drive.google.com/uc?export=view&id=1bdlYABLIxoWTkrSkLJ4XS92iNIy-oyNA,image/png,1bdlYABLIxoWTkrSkLJ4XS92iNIy-oyNA
112101015,112101015_007.png,https://drive.google.com/uc?export=view&id=1eJYWTVA6ur2ZMn6KB_xBMjL2Ke44aYS2,image/png,1eJYWTVA6ur2ZMn6KB_xBMjL2Ke44aYS2
112101015,112101015_003.png,https://drive.google.com/uc?export=view&id=1gSrq-UO3peTFlKGrP1V24UjSu-Zc0zw0,image/png,1gSrq-UO3peTFlKGrP1V24UjSu-Zc0zw0
112101015,112101015_008.png,https://drive.google.com/uc?export=view&id=1mpiFuyvnvsPECrX2_t065PaLyMruUwP-,image/png,1mpiFuyvnvsPECrX2_t065PaLyMruUwP-
112101015,112101015_006.png,https://drive.google.com/uc?export=view&id=1tN2Go2WSZdIL5JggiXo3te0j-Qhtfgsq,image/png,1tN2Go2WSZdIL5JggiXo3te0j-Qhtfgsq
112101015,112101015_005.png,https://drive.google.com/uc?export=view&id=1vyySW8hp0BBX1mQLjkWMlmPHF6WaiGoS,image/png,1vyySW8hp0BBX1mQLjkWMlmPHF6WaiGoS
112101011,meta.json,https://drive.google.com/uc?export=view&id=1LJ8Z2qxJjLMvWW3OzglfQg0liTD0UepA,application/json,1LJ8Z2qxJjLMvWW3OzglfQg0liTD0UepA
112101011,112101011_018.png,https://drive.google.com/uc?export=view&id=107K7gu1szqTGC7jg7xo9NlcEgjWalE86,image/png,107K7gu1szqTGC7jg7xo9NlcEgjWalE86
112101011,112101011_010.png,https://drive.google.com/uc?export=view&id=104RqcDiir9eQ-2ssjKy6fM09Fq6-iSDl,image/png,104RqcDiir9eQ-2ssjKy6fM09Fq6-iSDl
112101011,112101011_008.png,https://drive.google.com/uc?export=view&id=1Hu4RdA5ZjK9TB-Aw08ho4a8BIy6h-bSb,image/png,1Hu4RdA5ZjK9TB-Aw08ho4a8BIy6h-bSb
112101011,112101011_013.png,https://drive.google.com/uc?export=view&id=1U2Og3WlMZIwYAqvGMGQl5AljuiyTI1yF,image/png,1U2Og3WlMZIwYAqvGMGQl5AljuiyTI1yF
112101011,112101011_007.png,https://drive.google.com/uc?export=view&id=1V9zaTINpMNa1-r6AHnsC24yIxfbM2tgR,image/png,1V9zaTINpMNa1-r6AHnsC24yIxfbM2tgR
112101011,112101011_012.png,https://drive.google.com/uc?export=view&id=1X7nW7UdeD8HVSSc-rd9fvvgtI763Ajyl,image/png,1X7nW7UdeD8HVSSc-rd9fvvgtI763Ajyl
112101011,112101011_015.png,https://drive.google.com/uc?export=view&id=1aVNLBztjlTZyCbrcQcbLtvKnScgiiFXH,image/png,1aVNLBztjlTZyCbrcQcbLtvKnScgiiFXH
112101011,112101011_014.png,https://drive.google.com/uc?export=view&id=1dXBo7yhyoXTYjWpnne-CFc7m4ZbNZQRk,image/png,1dXBo7yhyoXTYjWpnne-CFc7m4ZbNZQRk
112101011,112101011_009.png,https://drive.google.com/uc?export=view&id=1hEPjO1wLnGj6EGhivRqn5oZ2UFZGQGlg,image/png,1hEPjO1wLnGj6EGhivRqn5oZ2UFZGQGlg
112101011,112101011_017.png,https://drive.google.com/uc?export=view&id=1j9zIrkUxU0ZIcbfVzgsTU_m1SUIDuD2U,image/png,1j9zIrkUxU0ZIcbfVzgsTU_m1SUIDuD2U
112101011,112101011_016.png,https://drive.google.com/uc?export=view&id=1svXwuvP7kIYicPHOeiUi2NqEj8VPDn1T,image/png,1svXwuvP7kIYicPHOeiUi2NqEj8VPDn1T
112101011,112101011_011.png,https://drive.google.com/uc?export=view&id=1urU-btkR6y-w3fSpA3D0HmEF70gmZtMl,image/png,1urU-btkR6y-w3fSpA3D0HmEF70gmZtMl
112101011,112101011_005.png,https://drive.google.com/uc?export=view&id=15FakPhzB8Ji1Tm48A8kLz2tMTWYUAKHc,image/png,15FakPhzB8Ji1Tm48A8kLz2tMTWYUAKHc
112101011,112101011_003.png,https://drive.google.com/uc?export=view&id=1IYrmEVM9lEAI4LG91NhUbBb4naWS_lxR,image/png,1IYrmEVM9lEAI4LG91NhUbBb4naWS_lxR
112101011,112101011_006.png,https://drive.google.com/uc?export=view&id=1KA9IIr52S6girDkfs0yGg-jWRH_7GOXg,image/png,1KA9IIr52S6girDkfs0yGg-jWRH_7GOXg
112101011,112101011_004.png,https://drive.google.com/uc?export=view&id=1No8PAFz41g9Y10L4Qhn1zPzV7Ih9MN8n,image/png,1No8PAFz41g9Y10L4Qhn1zPzV7Ih9MN8n
112101011,112101011_002.png,https://drive.google.com/uc?export=view&id=1UKKNsNOrpNPkf7SC17m_CJO2Kyk3P6z5,image/png,1UKKNsNOrpNPkf7SC17m_CJO2Kyk3P6z5
112101011,112101011_001.png,https://drive.google.com/uc?export=view&id=1jWKNdx9hZEANUG5DDMOpscNJzeqOSD5r,image/png,1jWKNdx9hZEANUG5DDMOpscNJzeqOSD5r
112101503,meta.json,https://drive.google.com/uc?export=view&id=1r5EBu9ZXqYbYlUHq1rjZO-yUDMagr9vr,application/json,1r5EBu9ZXqYbYlUHq1rjZO-yUDMagr9vr
112101503,112101503_029.png,https://drive.google.com/uc?export=view&id=13dDrSKjIRfvoBpso0JedXp8YhWjQG2IJ,image/png,13dDrSKjIRfvoBpso0JedXp8YhWjQG2IJ
112101503,112101503_028.png,https://drive.google.com/uc?export=view&id=11BN-4_fC8M5ZCfZvaliygtXHVT-PCDfa,image/png,11BN-4_fC8M5ZCfZvaliygtXHVT-PCDfa
112101503,112101503_025.png,https://drive.google.com/uc?export=view&id=18q73rHZpnXFTgZsf9wf5PV3xhuoX9HP_,image/png,18q73rHZpnXFTgZsf9wf5PV3xhuoX9HP_
112101503,112101503_026.png,https://drive.google.com/uc?export=view&id=1LGQC2v4uGCGdS4EmuGW9YxU-ifgY9ezK,image/png,1LGQC2v4uGCGdS4EmuGW9YxU-ifgY9ezK
112101503,112101503_027.png,https://drive.google.com/uc?export=view&id=1gLXZsqXgPx7f0K5wLN1kAS03WiTfRCHG,image/png,1gLXZsqXgPx7f0K5wLN1kAS03WiTfRCHG
112101503,112101503_024.png,https://drive.google.com/uc?export=view&id=1tF-kEuNqoUCjL0mnQnHJsWCifhtbxTF1,image/png,1tF-kEuNqoUCjL0mnQnHJsWCifhtbxTF1
112101503,112101503_023.png,https://drive.google.com/uc?export=view&id=17_XCqDi_zzMULFGEXBs0qoZn6YIl18ke,image/png,17_XCqDi_zzMULFGEXBs0qoZn6YIl18ke
112101503,112101503_020.png,https://drive.google.com/uc?export=view&id=1AriKMggwsY_jrNo6h6ZvJHLj1VVS1q2N,image/png,1AriKMggwsY_jrNo6h6ZvJHLj1VVS1q2N
112101503,112101503_021.png,https://drive.google.com/uc?export=view&id=1iOERTkM_GlOTnMbtQKCHx9Wt3W5FR1Sl,image/png,1iOERTkM_GlOTnMbtQKCHx9Wt3W5FR1Sl
112101503,112101503_022.png,https://drive.google.com/uc?export=view&id=1nru_Zp_afuXqcqXqrUiT0nVkUrYsDLue,image/png,1nru_Zp_afuXqcqXqrUiT0nVkUrYsDLue
112101503,112101503_015.png,https://drive.google.com/uc?export=view&id=1TUysIrahG3bdmQslKiZzoUQdPC7dDHf3,image/png,1TUysIrahG3bdmQslKiZzoUQdPC7dDHf3
112101503,112101503_018.png,https://drive.google.com/uc?export=view&id=1WPDTKZ6WBm3BhSiPWLP0yC2QPdmuc6Yz,image/png,1WPDTKZ6WBm3BhSiPWLP0yC2QPdmuc6Yz
112101503,112101503_016.png,https://drive.google.com/uc?export=view&id=1eDufVpuKKrdG_ftCzlP-v-FrlVwuphp1,image/png,1eDufVpuKKrdG_ftCzlP-v-FrlVwuphp1
112101503,112101503_019.png,https://drive.google.com/uc?export=view&id=1nV_OTSK77NppnWCIkPqXubYbdOnba8cw,image/png,1nV_OTSK77NppnWCIkPqXubYbdOnba8cw
112101503,112101503_017.png,https://drive.google.com/uc?export=view&id=1yZDcZm-zuwlYmF0K86iGaKF0K6poSQ1R,image/png,1yZDcZm-zuwlYmF0K86iGaKF0K6poSQ1R
112101503,112101503_014.png,https://drive.google.com/uc?export=view&id=13qzfY460QaImkm3ghTZouA2ENiX06LRf,image/png,13qzfY460QaImkm3ghTZouA2ENiX06LRf
112101503,112101503_011.png,https://drive.google.com/uc?export=view&id=1Kig5LXwTrJOiqF6MBD1wgiypxbB4OXCE,image/png,1Kig5LXwTrJOiqF6MBD1wgiypxbB4OXCE
112101503,112101503_012.png,https://drive.google.com/uc?export=view&id=1O3P7Y1dcNIrRS2F2IlY3UviyKxG8Dg98,image/png,1O3P7Y1dcNIrRS2F2IlY3UviyKxG8Dg98
112101503,112101503_013.png,https://drive.google.com/uc?export=view&id=1bArRa3l7QA_8Cswafq7aV7VWCMRjnzoz,image/png,1bArRa3l7QA_8Cswafq7aV7VWCMRjnzoz
112101503,112101503_010.png,https://drive.google.com/uc?export=view&id=1Az8IhtQEPDp7K8RvIxUgL3OQUdS-bRpX,image/png,1Az8IhtQEPDp7K8RvIxUgL3OQUdS-bRpX
112101503,112101503_007.png,https://drive.google.com/uc?export=view&id=1U9z4Q1ND5JjOSMmucRMq6dBuui52fAoP,image/png,1U9z4Q1ND5JjOSMmucRMq6dBuui52fAoP
112101503,112101503_008.png,https://drive.google.com/uc?export=view&id=1Yg3hGKBAmZlwd6BETPx71mPhR2BFZFLY,image/png,1Yg3hGKBAmZlwd6BETPx71mPhR2BFZFLY
112101503,112101503_009.png,https://drive.google.com/uc?export=view&id=1hLt-tluTTRz5Z7_j1j4FVmIEQglUbh_M,image/png,1hLt-tluTTRz5Z7_j1j4FVmIEQglUbh_M
112101503,112101503_006.png,https://drive.google.com/uc?export=view&id=15dLgbIk9apihoDJ-Hbn_nehtENoz4Ktd,image/png,15dLgbIk9apihoDJ-Hbn_nehtENoz4Ktd
112101503,112101503_004.png,https://drive.google.com/uc?export=view&id=1NEtI_ecUvPfV0rIA8iK7Ec-rgopqvQGX,image/png,1NEtI_ecUvPfV0rIA8iK7Ec-rgopqvQGX
112101503,112101503_003.png,https://drive.google.com/uc?export=view&id=1jOjFRIHwo5lrbkXKGM6INb4ShWtyCXtY,image/png,1jOjFRIHwo5lrbkXKGM6INb4ShWtyCXtY
112101503,112101503_005.png,https://drive.google.com/uc?export=view&id=1ljF86eyier2OEN9iSC2mHoXy7VQyvgtw,image/png,1ljF86eyier2OEN9iSC2mHoXy7VQyvgtw
112101503,112101503_001.png,https://drive.google.com/uc?export=view&id=1EjR8m-_0T_DEa30VuEQf4cBBodi0rd80,image/png,1EjR8m-_0T_DEa30VuEQf4cBBodi0rd80
112101503,112101503_002.png,https://drive.google.com/uc?export=view&id=1mgGdM8GBQjHgajzJY6jhFlgSS2QL-2rT,image/png,1mgGdM8GBQjHgajzJY6jhFlgSS2QL-2rT
112101506,meta.json,https://drive.google.com/uc?export=view&id=1_7xBwAMeuNS2I588og3a2iQpxy_06oL3,application/json,1_7xBwAMeuNS2I588og3a2iQpxy_06oL3
112101506,112101506_019.png,https://drive.google.com/uc?export=view&id=14UXi00-WqjjWLX1AtEsgMLrx5gfd8t4k,image/png,14UXi00-WqjjWLX1AtEsgMLrx5gfd8t4k
112101506,112101506_016.png,https://drive.google.com/uc?export=view&id=1A28dfGWoH91sU1CxGqHjARlHDWltPduN,image/png,1A28dfGWoH91sU1CxGqHjARlHDWltPduN
112101506,112101506_017.png,https://drive.google.com/uc?export=view&id=1O5A6lIiwtQFPPkFVEhvLnEgkd7KFV1CI,image/png,1O5A6lIiwtQFPPkFVEhvLnEgkd7KFV1CI
112101506,112101506_013.png,https://drive.google.com/uc?export=view&id=1axo-KMuZG2YTw9kiWP75sZ7ZzbPwhody,image/png,1axo-KMuZG2YTw9kiWP75sZ7ZzbPwhody
112101506,112101506_014.png,https://drive.google.com/uc?export=view&id=1gInAOl8zqJpGtKVmam8eWG80ya8xVUf2,image/png,1gInAOl8zqJpGtKVmam8eWG80ya8xVUf2
112101506,112101506_020.png,https://drive.google.com/uc?export=view&id=1keBnTB-ba3DBvCsiIlEdbe3TfVLan8oM,image/png,1keBnTB-ba3DBvCsiIlEdbe3TfVLan8oM
112101506,112101506_015.png,https://drive.google.com/uc?export=view&id=1uSx7C6IKtyLwSOkR6EPEuZcIoqi0n9Hk,image/png,1uSx7C6IKtyLwSOkR6EPEuZcIoqi0n9Hk
112101506,112101506_018.png,https://drive.google.com/uc?export=view&id=1vrMRK7iOQUPEsK7uVHz12ODzLQWi-MX_,image/png,1vrMRK7iOQUPEsK7uVHz12ODzLQWi-MX_
112101506,112101506_021.png,https://drive.google.com/uc?export=view&id=1xOjWQk0tlD7ZLd6_jR9oDH17RjSpBd7T,image/png,1xOjWQk0tlD7ZLd6_jR9oDH17RjSpBd7T
112101506,112101506_005.png,https://drive.google.com/uc?export=view&id=19eb_sCn2V-byAvWU8PHv8o6VsI5SXWbI,image/png,19eb_sCn2V-byAvWU8PHv8o6VsI5SXWbI
112101506,112101506_006.png,https://drive.google.com/uc?export=view&id=1BbVfCekR8HPFjgx3qrT7HkiE12jKx1o2,image/png,1BbVfCekR8HPFjgx3qrT7HkiE12jKx1o2
112101506,112101506_010.png,https://drive.google.com/uc?export=view&id=1CLYx4uQxl6WFU6g5Ng5cOUgidvn1ufNQ,image/png,1CLYx4uQxl6WFU6g5Ng5cOUgidvn1ufNQ
112101506,112101506_011.png,https://drive.google.com/uc?export=view&id=1DV9uDeLyGn38WzmcyNBgVaweItQ9TMmc,image/png,1DV9uDeLyGn38WzmcyNBgVaweItQ9TMmc
112101506,112101506_008.png,https://drive.google.com/uc?export=view&id=1FHx0m32-7h2Z25FQpvEbZThjMrF8aQCp,image/png,1FHx0m32-7h2Z25FQpvEbZThjMrF8aQCp
112101506,112101506_012.png,https://drive.google.com/uc?export=view&id=1OQQL9q4JhNmCSFnUT984FMIKCsQUWBeD,image/png,1OQQL9q4JhNmCSFnUT984FMIKCsQUWBeD
112101506,112101506_004.png,https://drive.google.com/uc?export=view&id=1XZYSeltJxMVK71tfcNe8kPsgiYxXSwFo,image/png,1XZYSeltJxMVK71tfcNe8kPsgiYxXSwFo
112101506,112101506_009.png,https://drive.google.com/uc?export=view&id=1qTHEOs1OR08h285HSpLK_7ocM_Hl12xF,image/png,1qTHEOs1OR08h285HSpLK_7ocM_Hl12xF
112101506,112101506_003.png,https://drive.google.com/uc?export=view&id=1qwtuUl2aB-4LhGtWLCcY_HoEiL_TrV4G,image/png,1qwtuUl2aB-4LhGtWLCcY_HoEiL_TrV4G
112101506,112101506_007.png,https://drive.google.com/uc?export=view&id=1ysXZEr6dpenkAryq2sRDxJNpKkp89-8m,image/png,1ysXZEr6dpenkAryq2sRDxJNpKkp89-8m
112101506,112101506_001.png,https://drive.google.com/uc?export=view&id=1edgjs_boEfpvhI9k6SsuyYhKsYiURFVy,image/png,1edgjs_boEfpvhI9k6SsuyYhKsYiURFVy
112101506,112101506_002.png,https://drive.google.com/uc?export=view&id=1ybZbG9ZjqyYZuAWBRTeRkNyn-GbSAIz2,image/png,1ybZbG9ZjqyYZuAWBRTeRkNyn-GbSAIz2
112101511,meta.json,https://drive.google.com/uc?export=view&id=10Y9Uju16bhH3HoK1CCx8HE9y7pH82WB-,application/json,10Y9Uju16bhH3HoK1CCx8HE9y7pH82WB-
112101511,112101511_003.png,https://drive.google.com/uc?export=view&id=1AEy4yD4QlJ2osak4ZgeIyy8JCTsuUBBh,image/png,1AEy4yD4QlJ2osak4ZgeIyy8JCTsuUBBh
112101511,112101511_004.png,https://drive.google.com/uc?export=view&id=1OLLtMv-zGlA_bAZ6C0ZCbPKPG9M02cMz,image/png,1OLLtMv-zGlA_bAZ6C0ZCbPKPG9M02cMz
112101511,112101511_002.png,https://drive.google.com/uc?export=view&id=1sZ8dfcxsPleaLZa-kWFMdJ5u-gEpSMFH,image/png,1sZ8dfcxsPleaLZa-kWFMdJ5u-gEpSMFH
112101511,112101511_001.png,https://drive.google.com/uc?export=view&id=1bt6zUd1Hmq2b9aTM-boc6zmDkrC9J9H4,image/png,1bt6zUd1Hmq2b9aTM-boc6zmDkrC9J9H4
112101507,meta.json,https://drive.google.com/uc?export=view&id=1PaoyEGnx6fYQedJfl82b4xOPEvEjxFDZ,application/json,1PaoyEGnx6fYQedJfl82b4xOPEvEjxFDZ
112101507,112101507_022.png,https://drive.google.com/uc?export=view&id=1ycodquSdwlDPnky05MBTdZOCu6u-oAFE,image/png,1ycodquSdwlDPnky05MBTdZOCu6u-oAFE
112101507,112101507_021.png,https://drive.google.com/uc?export=view&id=13yh3IvUf4gxaInZZuZEJgIOZmKj2th9C,image/png,13yh3IvUf4gxaInZZuZEJgIOZmKj2th9C
112101507,112101507_019.png,https://drive.google.com/uc?export=view&id=1kcJ5eGpGV6OKAu3D1BbU-OKN5e1ZuzW7,image/png,1kcJ5eGpGV6OKAu3D1BbU-OKN5e1ZuzW7
112101507,112101507_020.png,https://drive.google.com/uc?export=view&id=1oGYzTp24XIE2rBAPA6rPGWDIHWAFKGz5,image/png,1oGYzTp24XIE2rBAPA6rPGWDIHWAFKGz5
112101507,112101507_018.png,https://drive.google.com/uc?export=view&id=170VAe7gau2ZIxTPV75Opw2X7vIGlWktM,image/png,170VAe7gau2ZIxTPV75Opw2X7vIGlWktM
112101507,112101507_017.png,https://drive.google.com/uc?export=view&id=1UmtlDCkaYpJBUmpIU5dz69z3L8070RQF,image/png,1UmtlDCkaYpJBUmpIU5dz69z3L8070RQF
112101507,112101507_016.png,https://drive.google.com/uc?export=view&id=1GN5dpyu2UgPXlOpI1knFjjEX__CuqdaM,image/png,1GN5dpyu2UgPXlOpI1knFjjEX__CuqdaM
112101507,112101507_014.png,https://drive.google.com/uc?export=view&id=160uRqHAdbMlXy1bJDxmneD64grDf5f-E,image/png,160uRqHAdbMlXy1bJDxmneD64grDf5f-E
112101507,112101507_013.png,https://drive.google.com/uc?export=view&id=1kMkgyTaBdbMD5CAHBsctqkzqSNNwC6wP,image/png,1kMkgyTaBdbMD5CAHBsctqkzqSNNwC6wP
112101507,112101507_015.png,https://drive.google.com/uc?export=view&id=1odfWAZmvh91UymdpvQV-_Vh-g1N3-OxE,image/png,1odfWAZmvh91UymdpvQV-_Vh-g1N3-OxE
112101507,112101507_012.png,https://drive.google.com/uc?export=view&id=1159-VpoP9cFCsewJ2_IYqhEJr1Uy6ACN,image/png,1159-VpoP9cFCsewJ2_IYqhEJr1Uy6ACN
112101507,112101507_011.png,https://drive.google.com/uc?export=view&id=1LUUcc0XiTjF-TXd9B6Prk78UkM5nTqTB,image/png,1LUUcc0XiTjF-TXd9B6Prk78UkM5nTqTB
112101507,112101507_009.png,https://drive.google.com/uc?export=view&id=1eHg2_4HnMsKnjM1SdHExWKMaL37-ccV0,image/png,1eHg2_4HnMsKnjM1SdHExWKMaL37-ccV0
112101507,112101507_010.png,https://drive.google.com/uc?export=view&id=1ibZ4t5yqGxRVgrqvzxQv5648f4bghfP9,image/png,1ibZ4t5yqGxRVgrqvzxQv5648f4bghfP9
112101507,112101507_008.png,https://drive.google.com/uc?export=view&id=1T3UET69a4xdllh2Z6iLf5jGhr093kd8g,image/png,1T3UET69a4xdllh2Z6iLf5jGhr093kd8g
112101507,112101507_007.png,https://drive.google.com/uc?export=view&id=1flnIYYI4VR8D-QUj7n0wjUJvSOaoepTH,image/png,1flnIYYI4VR8D-QUj7n0wjUJvSOaoepTH
112101507,112101507_006.png,https://drive.google.com/uc?export=view&id=1I89zvJQpftbLzsWgH7T354b9UJ9b3X0k,image/png,1I89zvJQpftbLzsWgH7T354b9UJ9b3X0k
112101507,112101507_004.png,https://drive.google.com/uc?export=view&id=1c65TQlvoBt8Kmic8_hVFMGeDXWEFflxN,image/png,1c65TQlvoBt8Kmic8_hVFMGeDXWEFflxN
112101507,112101507_005.png,https://drive.google.com/uc?export=view&id=1lBZazW4Xn104lnh0boA41bjMLHK5tUU0,image/png,1lBZazW4Xn104lnh0boA41bjMLHK5tUU0
112101507,112101507_003.png,https://drive.google.com/uc?export=view&id=1UpuDnyKyfAzjAksFfbYVk0FtEyQZHo70,image/png,1UpuDnyKyfAzjAksFfbYVk0FtEyQZHo70
112101507,112101507_002.png,https://drive.google.com/uc?export=view&id=1kjUHwIa2tg4ZPPBm0aYWSSD-xTH2nIuK,image/png,1kjUHwIa2tg4ZPPBm0aYWSSD-xTH2nIuK
112101507,112101507_001.png,https://drive.google.com/uc?export=view&id=1pqyRREZg5mAyio5HPe8xSckCKe_LJzqc,image/png,1pqyRREZg5mAyio5HPe8xSckCKe_LJzqc
112101505,meta.json,https://drive.google.com/uc?export=view&id=1Kjguo8ZwYYoSyyFVdic74K4WijVlzJvt,application/json,1Kjguo8ZwYYoSyyFVdic74K4WijVlzJvt
112101505,112101505_032.png,https://drive.google.com/uc?export=view&id=1Hx6od-JAA_bed6s57z1pAjf4xqRUsewB,image/png,1Hx6od-JAA_bed6s57z1pAjf4xqRUsewB
112101505,112101505_035.png,https://drive.google.com/uc?export=view&id=1WnXG8whssmJhCB0xI0h0tq5KEszhGgk7,image/png,1WnXG8whssmJhCB0xI0h0tq5KEszhGgk7
112101505,112101505_033.png,https://drive.google.com/uc?export=view&id=1YgtvA_nm1vWukYmArGiyRJHItbB1HicX,image/png,1YgtvA_nm1vWukYmArGiyRJHItbB1HicX
112101505,112101505_034.png,https://drive.google.com/uc?export=view&id=1brEP2EuqKX7hT83g1lwYop5T8U-BGrCa,image/png,1brEP2EuqKX7hT83g1lwYop5T8U-BGrCa
112101505,112101505_028.png,https://drive.google.com/uc?export=view&id=1HSZtv5bDlU5m94Cqwv_6pcjm9yEa1LIg,image/png,1HSZtv5bDlU5m94Cqwv_6pcjm9yEa1LIg
112101505,112101505_027.png,https://drive.google.com/uc?export=view&id=1f-m1ZXcrLbU5ozUIGRCuCKCE2Rwo4vJd,image/png,1f-m1ZXcrLbU5ozUIGRCuCKCE2Rwo4vJd
112101505,112101505_030.png,https://drive.google.com/uc?export=view&id=1g4C9yBfzfmjWHuOJqgHnY9upvM1-Lfbx,image/png,1g4C9yBfzfmjWHuOJqgHnY9upvM1-Lfbx
112101505,112101505_031.png,https://drive.google.com/uc?export=view&id=1sg_gGvuK8k_f89aH3NwgkEmZlikXB2os,image/png,1sg_gGvuK8k_f89aH3NwgkEmZlikXB2os
112101505,112101505_029.png,https://drive.google.com/uc?export=view&id=1yeckXcNPswUDB9OS6MJQTE6UnrFo14QZ,image/png,1yeckXcNPswUDB9OS6MJQTE6UnrFo14QZ
112101505,112101505_025.png,https://drive.google.com/uc?export=view&id=16-ONMcPiaWq-undNnuQDtEdIUTHBBEMU,image/png,16-ONMcPiaWq-undNnuQDtEdIUTHBBEMU
112101505,112101505_022.png,https://drive.google.com/uc?export=view&id=1hJ4NLmv6GeUs3WTRM8Y-05OIO9grimmP,image/png,1hJ4NLmv6GeUs3WTRM8Y-05OIO9grimmP
112101505,112101505_026.png,https://drive.google.com/uc?export=view&id=1rR3hLbQZfWP7FiQlR1m7MNUc8dWHKp0Q,image/png,1rR3hLbQZfWP7FiQlR1m7MNUc8dWHKp0Q
112101505,112101505_024.png,https://drive.google.com/uc?export=view&id=1rl__4UaG4mjtpDtOuNIHaiATksHnN0zb,image/png,1rl__4UaG4mjtpDtOuNIHaiATksHnN0zb
112101505,112101505_023.png,https://drive.google.com/uc?export=view&id=1tU1JF08C2emzJP6bdkxgxRZ-AUSDeTmW,image/png,1tU1JF08C2emzJP6bdkxgxRZ-AUSDeTmW
112101505,112101505_021.png,https://drive.google.com/uc?export=view&id=1z6VodDL0ZFug1NQm0Spl13VSGfik-9CE,image/png,1z6VodDL0ZFug1NQm0Spl13VSGfik-9CE
112101505,112101505_017.png,https://drive.google.com/uc?export=view&id=1VblSzlDO-yCJw-Qt428sgB0DhksRyNNv,image/png,1VblSzlDO-yCJw-Qt428sgB0DhksRyNNv
112101505,112101505_018.png,https://drive.google.com/uc?export=view&id=1oVxJ2UXuSfo9OHAK3V_I7w7_jrBGdTZI,image/png,1oVxJ2UXuSfo9OHAK3V_I7w7_jrBGdTZI
112101505,112101505_020.png,https://drive.google.com/uc?export=view&id=1s23PFPTW3IGuSQedGMU3KBGIBYBlMdBX,image/png,1s23PFPTW3IGuSQedGMU3KBGIBYBlMdBX
112101505,112101505_019.png,https://drive.google.com/uc?export=view&id=1zaG-1SjzOXxhOIkCappqiAroucOZqbin,image/png,1zaG-1SjzOXxhOIkCappqiAroucOZqbin
112101505,112101505_013.png,https://drive.google.com/uc?export=view&id=12MlYZ-kgM5h3SFEuSKQT2CfEpomZ4ujw,image/png,12MlYZ-kgM5h3SFEuSKQT2CfEpomZ4ujw
112101505,112101505_011.png,https://drive.google.com/uc?export=view&id=12mOTFPp6mhpJtzIvUNVqld8Oa4dpkO7z,image/png,12mOTFPp6mhpJtzIvUNVqld8Oa4dpkO7z
112101505,112101505_015.png,https://drive.google.com/uc?export=view&id=1KbKAaDdSQim-2VoB_8QSfI8uW6kiLqvX,image/png,1KbKAaDdSQim-2VoB_8QSfI8uW6kiLqvX
112101505,112101505_014.png,https://drive.google.com/uc?export=view&id=1OIeBxyiq5CcOnclT_MjungjKm0JOU85H,image/png,1OIeBxyiq5CcOnclT_MjungjKm0JOU85H
112101505,112101505_016.png,https://drive.google.com/uc?export=view&id=1Wvem4nwtm7k3jsnKdsEAfKHwFD5IPNhL,image/png,1Wvem4nwtm7k3jsnKdsEAfKHwFD5IPNhL
112101505,112101505_012.png,https://drive.google.com/uc?export=view&id=1ZpLyXgo_MSZv5EAsvmv4X97Ds9GqjsgU,image/png,1ZpLyXgo_MSZv5EAsvmv4X97Ds9GqjsgU
112101505,112101505_009.png,https://drive.google.com/uc?export=view&id=15PxcKAjIFV120OYpw3lIh5h87pxILhLU,image/png,15PxcKAjIFV120OYpw3lIh5h87pxILhLU
112101505,112101505_010.png,https://drive.google.com/uc?export=view&id=192k9BSxaAw6I4tIUnbASi66Hq-dtmegK,image/png,192k9BSxaAw6I4tIUnbASi66Hq-dtmegK
112101505,112101505_008.png,https://drive.google.com/uc?export=view&id=1sEY_w-yHSH6uQhSUfcn_6ZsXM49fDM_A,image/png,1sEY_w-yHSH6uQhSUfcn_6ZsXM49fDM_A
112101505,112101505_006.png,https://drive.google.com/uc?export=view&id=13lfqKmf4X173jywA1OLBnDQxZY3BKTUP,image/png,13lfqKmf4X173jywA1OLBnDQxZY3BKTUP
112101505,112101505_004.png,https://drive.google.com/uc?export=view&id=14vckbT5KbgzvN27Zvsu0tMSZp0LYiKDn,image/png,14vckbT5KbgzvN27Zvsu0tMSZp0LYiKDn
112101505,112101505_005.png,https://drive.google.com/uc?export=view&id=1A7e7RLoF5SBob-efgDJhS3Z9uiqdjs8J,image/png,1A7e7RLoF5SBob-efgDJhS3Z9uiqdjs8J
112101505,112101505_007.png,https://drive.google.com/uc?export=view&id=1hb4QDifF9TYykZpC5Qe8iqDWH1IateuX,image/png,1hb4QDifF9TYykZpC5Qe8iqDWH1IateuX
112101505,112101505_003.png,https://drive.google.com/uc?export=view&id=1QWOnlN374Ig0kFsoqVbpnSiV1wjEiW4Y,image/png,1QWOnlN374Ig0kFsoqVbpnSiV1wjEiW4Y
112101505,112101505_002.png,https://drive.google.com/uc?export=view&id=1RfRSAnvIC0zK5RujUsIv4y4idCc2YHuk,image/png,1RfRSAnvIC0zK5RujUsIv4y4idCc2YHuk
112101505,112101505_001.png,https://drive.google.com/uc?export=view&id=1m1Nvu7JKv7mS4tNatl722Svimncp77tc,image/png,1m1Nvu7JKv7mS4tNatl722Svimncp77tc
112101513,meta.json,https://drive.google.com/uc?export=view&id=1Zp1tNWhPChwc7C7HJ-FspZWNA-HaD5LJ,application/json,1Zp1tNWhPChwc7C7HJ-FspZWNA-HaD5LJ
112101513,112101513_017.png,https://drive.google.com/uc?export=view&id=105uT1L5kJyIWmHLDLi4ySnHfN1VLz56H,image/png,105uT1L5kJyIWmHLDLi4ySnHfN1VLz56H
112101513,112101513_016.png,https://drive.google.com/uc?export=view&id=1H1ejbyMrATevrIaE2fPEd-XxeVOhj2pY,image/png,1H1ejbyMrATevrIaE2fPEd-XxeVOhj2pY
112101513,112101513_015.png,https://drive.google.com/uc?export=view&id=1MQOi3dyDjCu-Zifc9LXwTf7XyDu810eo,image/png,1MQOi3dyDjCu-Zifc9LXwTf7XyDu810eo
112101513,112101513_014.png,https://drive.google.com/uc?export=view&id=1N_X1DYtiG4KfDLciRuxz9mmjPz655FfX,image/png,1N_X1DYtiG4KfDLciRuxz9mmjPz655FfX
112101513,112101513_018.png,https://drive.google.com/uc?export=view&id=1lAWNLlf26V37TuudBnqBxR_EdH1xgLlb,image/png,1lAWNLlf26V37TuudBnqBxR_EdH1xgLlb
112101513,112101513_020.png,https://drive.google.com/uc?export=view&id=1rPK3wVkeUBDbcDN3JgA44Hg2Ni9czn4z,image/png,1rPK3wVkeUBDbcDN3JgA44Hg2Ni9czn4z
112101513,112101513_019.png,https://drive.google.com/uc?export=view&id=1wx2olOMrO4JsxxE63BwO2ySIZN5Mlg5_,image/png,1wx2olOMrO4JsxxE63BwO2ySIZN5Mlg5_
112101513,112101513_008.png,https://drive.google.com/uc?export=view&id=1-7sd55xvCfXHbsND4x8846eQdlRroB8X,image/png,1-7sd55xvCfXHbsND4x8846eQdlRroB8X
112101513,112101513_004.png,https://drive.google.com/uc?export=view&id=138xokb-ztUWo2oV7kDG9cgCuRCaXwXdm,image/png,138xokb-ztUWo2oV7kDG9cgCuRCaXwXdm
112101513,112101513_006.png,https://drive.google.com/uc?export=view&id=171Is682daTnxLauIXYtyX6uf0J_8xDUE,image/png,171Is682daTnxLauIXYtyX6uf0J_8xDUE
112101513,112101513_011.png,https://drive.google.com/uc?export=view&id=17v3pWhK9n1BUFGFQNDB128KEM-KYd_xN,image/png,17v3pWhK9n1BUFGFQNDB128KEM-KYd_xN
112101513,112101513_007.png,https://drive.google.com/uc?export=view&id=19UFDOI5P4-7JdS2HIB2yeKOIGAmRXszu,image/png,19UFDOI5P4-7JdS2HIB2yeKOIGAmRXszu
112101513,112101513_005.png,https://drive.google.com/uc?export=view&id=1ElqH5od1ziUX4GbRtWdXtqmr1Ss9yriu,image/png,1ElqH5od1ziUX4GbRtWdXtqmr1Ss9yriu
112101513,112101513_012.png,https://drive.google.com/uc?export=view&id=1Gdpm1Sma09P4Jgm1OKTUivG6tI8pkKNF,image/png,1Gdpm1Sma09P4Jgm1OKTUivG6tI8pkKNF
112101513,112101513_010.png,https://drive.google.com/uc?export=view&id=1In-leBfZwnRvja9Gq5lZ_688R1k6lG3p,image/png,1In-leBfZwnRvja9Gq5lZ_688R1k6lG3p
112101513,112101513_013.png,https://drive.google.com/uc?export=view&id=1_CxoO3x7HkihY3WkIcZFejCQi9PR_DF-,image/png,1_CxoO3x7HkihY3WkIcZFejCQi9PR_DF-
112101513,112101513_009.png,https://drive.google.com/uc?export=view&id=1n-u29s3W6d-wpuU9fY5_qXqaVszpDT58,image/png,1n-u29s3W6d-wpuU9fY5_qXqaVszpDT58
112101513,112101513_003.png,https://drive.google.com/uc?export=view&id=1L3ISKCg9DRSLSGFBi9lZjqd8hOb8z4q_,image/png,1L3ISKCg9DRSLSGFBi9lZjqd8hOb8z4q_
112101513,112101513_001.png,https://drive.google.com/uc?export=view&id=1nOvNaCpPrraOqeQoo_lnqkFwpHX6nWVM,image/png,1nOvNaCpPrraOqeQoo_lnqkFwpHX6nWVM
112101513,112101513_002.png,https://drive.google.com/uc?export=view&id=1werF7WCZiEzxlabHLUh9_KLEgfNug5Sl,image/png,1werF7WCZiEzxlabHLUh9_KLEgfNug5Sl
112101514,meta.json,https://drive.google.com/uc?export=view&id=1VbNBiWwuJ44OHWFRLDhb7IY09BKDv_yP,application/json,1VbNBiWwuJ44OHWFRLDhb7IY09BKDv_yP
112101514,112101514_022.png,https://drive.google.com/uc?export=view&id=1-bZzB2fB5gBgHEtAU_CCJ8CD3NOsStjV,image/png,1-bZzB2fB5gBgHEtAU_CCJ8CD3NOsStjV
112101514,112101514_019.png,https://drive.google.com/uc?export=view&id=1AYZWS3ZwomNFtpUQaO5pJ5rJzuCr_Bc3,image/png,1AYZWS3ZwomNFtpUQaO5pJ5rJzuCr_Bc3
112101514,112101514_025.png,https://drive.google.com/uc?export=view&id=1JV1HMiXIeJGEBS-KAXyT54SMEKFoHRwg,image/png,1JV1HMiXIeJGEBS-KAXyT54SMEKFoHRwg
112101514,112101514_021.png,https://drive.google.com/uc?export=view&id=1NgIHvBdv4mIPHQHmRGylyOPLbeRWNvI2,image/png,1NgIHvBdv4mIPHQHmRGylyOPLbeRWNvI2
112101514,112101514_023.png,https://drive.google.com/uc?export=view&id=1NrpxUNOeScAI99eLlUYrAhADYlCuce7P,image/png,1NrpxUNOeScAI99eLlUYrAhADYlCuce7P
112101514,112101514_026.png,https://drive.google.com/uc?export=view&id=1QhrVw4kSstOczqbqC4iJ2fMmGD6HDWVz,image/png,1QhrVw4kSstOczqbqC4iJ2fMmGD6HDWVz
112101514,112101514_024.png,https://drive.google.com/uc?export=view&id=1ZoXsnYKJ2lrgD14zmQPa43q70AsbwNVz,image/png,1ZoXsnYKJ2lrgD14zmQPa43q70AsbwNVz
112101514,112101514_020.png,https://drive.google.com/uc?export=view&id=1rhmZMwwCriDaLUFLzldZyI-XwprzhrQS,image/png,1rhmZMwwCriDaLUFLzldZyI-XwprzhrQS
112101514,112101514_012.png,https://drive.google.com/uc?export=view&id=1BMwFK6HD3FDA4spXhEW2DCqqTqz2GlMn,image/png,1BMwFK6HD3FDA4spXhEW2DCqqTqz2GlMn
112101514,112101514_017.png,https://drive.google.com/uc?export=view&id=1E475ZceWYJ3o7Z-XiBNTXnf7hZ9xoN6Z,image/png,1E475ZceWYJ3o7Z-XiBNTXnf7hZ9xoN6Z
112101514,112101514_010.png,https://drive.google.com/uc?export=view&id=1TbOmjqgfhuJxmcL-KVcfpXQSEJrq7i_X,image/png,1TbOmjqgfhuJxmcL-KVcfpXQSEJrq7i_X
112101514,112101514_009.png,https://drive.google.com/uc?export=view&id=1Wl86smLARiy_sxE3UlRWFBUrpWn6dDag,image/png,1Wl86smLARiy_sxE3UlRWFBUrpWn6dDag
112101514,112101514_011.png,https://drive.google.com/uc?export=view&id=1WvhhqE0yN0QpMlpIxeb7TLD45aytyvH1,image/png,1WvhhqE0yN0QpMlpIxeb7TLD45aytyvH1
112101514,112101514_013.png,https://drive.google.com/uc?export=view&id=1efHO9ohc7K2vkGOHpKzqQhSjtXZwzieN,image/png,1efHO9ohc7K2vkGOHpKzqQhSjtXZwzieN
112101514,112101514_018.png,https://drive.google.com/uc?export=view&id=1gU8nA4NiQKRG2LFUbhkHB7p7SS7GrkeP,image/png,1gU8nA4NiQKRG2LFUbhkHB7p7SS7GrkeP
112101514,112101514_016.png,https://drive.google.com/uc?export=view&id=1lKM-1RcY6Ot3BD9NkXnJGU3LBoY-os91,image/png,1lKM-1RcY6Ot3BD9NkXnJGU3LBoY-os91
112101514,112101514_014.png,https://drive.google.com/uc?export=view&id=1rQB4cV9VwlVgC7HmPGLngPkB7I6CDmiu,image/png,1rQB4cV9VwlVgC7HmPGLngPkB7I6CDmiu
112101514,112101514_008.png,https://drive.google.com/uc?export=view&id=1un4Whk8xg-UgIFa4UakKssRadBJCXtuv,image/png,1un4Whk8xg-UgIFa4UakKssRadBJCXtuv
112101514,112101514_015.png,https://drive.google.com/uc?export=view&id=1zy3fL7rYFT6NybCWe2hzHgR0TgDrGPjK,image/png,1zy3fL7rYFT6NybCWe2hzHgR0TgDrGPjK
112101514,112101514_003.png,https://drive.google.com/uc?export=view&id=1Fh0iA5ViLkLXwFGTfFoF1MeU9MRsHN-2,image/png,1Fh0iA5ViLkLXwFGTfFoF1MeU9MRsHN-2
112101514,112101514_006.png,https://drive.google.com/uc?export=view&id=1Sxda9MkVQ4VRwaCTUZLW1m04LXtIay73,image/png,1Sxda9MkVQ4VRwaCTUZLW1m04LXtIay73
112101514,112101514_007.png,https://drive.google.com/uc?export=view&id=1VJFGHd_efDMZDI5qVzQJqMN4F4rNA42K,image/png,1VJFGHd_efDMZDI5qVzQJqMN4F4rNA42K
112101514,112101514_001.png,https://drive.google.com/uc?export=view&id=1XvaHYNdsRgAznX-6ljU2vfj_JYCwgLPR,image/png,1XvaHYNdsRgAznX-6ljU2vfj_JYCwgLPR
112101514,112101514_002.png,https://drive.google.com/uc?export=view&id=1a6hi9Y60kBOqgMr7ccpqIQJ0eudJwDdM,image/png,1a6hi9Y60kBOqgMr7ccpqIQJ0eudJwDdM
112101514,112101514_005.png,https://drive.google.com/uc?export=view&id=1bUA9I8D164Ska6I4y8UHLP_wgq-X78N_,image/png,1bUA9I8D164Ska6I4y8UHLP_wgq-X78N_
112101514,112101514_004.png,https://drive.google.com/uc?export=view&id=1zw2aJa5sS-i5zFysPBS31DEGzkaEszdu,image/png,1zw2aJa5sS-i5zFysPBS31DEGzkaEszdu
112101504,meta.json,https://drive.google.com/uc?export=view&id=1tiDykz-XXInKZRFgvtJ7EZfgPNjleE4t,application/json,1tiDykz-XXInKZRFgvtJ7EZfgPNjleE4t
112101504,112101504_018.png,https://drive.google.com/uc?export=view&id=1IapL683cQ_4UqUIOafiKeuaejYgOyYIv,image/png,1IapL683cQ_4UqUIOafiKeuaejYgOyYIv
112101504,112101504_019.png,https://drive.google.com/uc?export=view&id=1YRIZRxHlc1l7mIR2LIG4ESAk3uiVVPVv,image/png,1YRIZRxHlc1l7mIR2LIG4ESAk3uiVVPVv
112101504,112101504_017.png,https://drive.google.com/uc?export=view&id=1ITN3HVhtUtpv4hiLi-WwpXAb0fHkTznQ,image/png,1ITN3HVhtUtpv4hiLi-WwpXAb0fHkTznQ
112101504,112101504_016.png,https://drive.google.com/uc?export=view&id=1P3W8deL7aZl52dQYEeHvJn4JiLvUX7ab,image/png,1P3W8deL7aZl52dQYEeHvJn4JiLvUX7ab
112101504,112101504_014.png,https://drive.google.com/uc?export=view&id=1DXU9YhXOSDKIzXNhYNVc63RZVfnosstX,image/png,1DXU9YhXOSDKIzXNhYNVc63RZVfnosstX
112101504,112101504_015.png,https://drive.google.com/uc?export=view&id=1ywIhoTL0_bWKrIY-wqDwIdQPGk3n46Cy,image/png,1ywIhoTL0_bWKrIY-wqDwIdQPGk3n46Cy
112101504,112101504_012.png,https://drive.google.com/uc?export=view&id=1AXZ1WJUDWmuooK9xSNmSqmQWFYO7ewH2,image/png,1AXZ1WJUDWmuooK9xSNmSqmQWFYO7ewH2
112101504,112101504_013.png,https://drive.google.com/uc?export=view&id=1iinuDHAkJJ4cayi3Qf2xXNkWg0dN-V44,image/png,1iinuDHAkJJ4cayi3Qf2xXNkWg0dN-V44
112101504,112101504_010.png,https://drive.google.com/uc?export=view&id=1PrMRFABo4EFw6XA0N7o2K_0DOK4d2yir,image/png,1PrMRFABo4EFw6XA0N7o2K_0DOK4d2yir
112101504,112101504_011.png,https://drive.google.com/uc?export=view&id=1dBxZZeX_88uy4WGU-TLve5hPV-6gE_BE,image/png,1dBxZZeX_88uy4WGU-TLve5hPV-6gE_BE
112101504,112101504_008.png,https://drive.google.com/uc?export=view&id=1KSjdyCATAu6AV0UdrrUjMVcggnWLDD6q,image/png,1KSjdyCATAu6AV0UdrrUjMVcggnWLDD6q
112101504,112101504_007.png,https://drive.google.com/uc?export=view&id=1aPrhIyEwlunX2ZXIWD-f6S0Mol1EjYcA,image/png,1aPrhIyEwlunX2ZXIWD-f6S0Mol1EjYcA
112101504,112101504_009.png,https://drive.google.com/uc?export=view&id=1p0FR0exyGDrix6fP9dWNjC6pU0OisXQA,image/png,1p0FR0exyGDrix6fP9dWNjC6pU0OisXQA
112101504,112101504_006.png,https://drive.google.com/uc?export=view&id=187iON0qCwJh-6r1FnZNJLoghTPiEClBZ,image/png,187iON0qCwJh-6r1FnZNJLoghTPiEClBZ
112101504,112101504_005.png,https://drive.google.com/uc?export=view&id=1ntxe_20u3z3jy3SQTmkIHtNEno3EY04X,image/png,1ntxe_20u3z3jy3SQTmkIHtNEno3EY04X
112101504,112101504_003.png,https://drive.google.com/uc?export=view&id=127Ph0Myl1aSExeaObzAt3faynq2sOB0D,image/png,127Ph0Myl1aSExeaObzAt3faynq2sOB0D
112101504,112101504_004.png,https://drive.google.com/uc?export=view&id=1d8VUvYO1iIdWj9kt2emHYPjxXOoCQfUZ,image/png,1d8VUvYO1iIdWj9kt2emHYPjxXOoCQfUZ
112101504,112101504_001.png,https://drive.google.com/uc?export=view&id=10jHnQ5M5B0lzvvwzw6Z3sq8kdrvgXmUr,image/png,10jHnQ5M5B0lzvvwzw6Z3sq8kdrvgXmUr
112101504,112101504_002.png,https://drive.google.com/uc?export=view&id=1QP7HiJc2ZEPM1GCz3DSmLVq66fQuecVy,image/png,1QP7HiJc2ZEPM1GCz3DSmLVq66fQuecVy
112101501,meta.json,https://drive.google.com/uc?export=view&id=1CVktZGY3BxEvTNgxpibnWPiSJ6vE-xjk,application/json,1CVktZGY3BxEvTNgxpibnWPiSJ6vE-xjk
112101501,112101501_024.png,https://drive.google.com/uc?export=view&id=1WePO_vy7677tCjNq1dAhT_1HXmg3gvM2,image/png,1WePO_vy7677tCjNq1dAhT_1HXmg3gvM2
112101501,112101501_022.png,https://drive.google.com/uc?export=view&id=1gIgX5b90O7d7bneNlthTT_Md8LK6bfdD,image/png,1gIgX5b90O7d7bneNlthTT_Md8LK6bfdD
112101501,112101501_021.png,https://drive.google.com/uc?export=view&id=1i-Skor0vc2g7foktF3ARKpM1Hkb8ycB8,image/png,1i-Skor0vc2g7foktF3ARKpM1Hkb8ycB8
112101501,112101501_023.png,https://drive.google.com/uc?export=view&id=1k-9qbkbXRKEmuoQzSg-OyKdUSXa9YCWH,image/png,1k-9qbkbXRKEmuoQzSg-OyKdUSXa9YCWH
112101501,112101501_025.png,https://drive.google.com/uc?export=view&id=1mKuFCWK6kcWGACnL89lXxtoHVJO1Kx1x,image/png,1mKuFCWK6kcWGACnL89lXxtoHVJO1Kx1x
112101501,112101501_015.png,https://drive.google.com/uc?export=view&id=1L0djPMvNtd8lNA_-pv2BJyVYncr9qpeh,image/png,1L0djPMvNtd8lNA_-pv2BJyVYncr9qpeh
112101501,112101501_014.png,https://drive.google.com/uc?export=view&id=1Rsmi2Smz2SPmFdsxk3qxmvMbqHUS38Cx,image/png,1Rsmi2Smz2SPmFdsxk3qxmvMbqHUS38Cx
112101501,112101501_017.png,https://drive.google.com/uc?export=view&id=1XiigAHZd9aaQcmPzrMLOAOGITL6lLojR,image/png,1XiigAHZd9aaQcmPzrMLOAOGITL6lLojR
112101501,112101501_013.png,https://drive.google.com/uc?export=view&id=1_m0x8YE1REzBdYs5E7TMqkEOPoeZEe01,image/png,1_m0x8YE1REzBdYs5E7TMqkEOPoeZEe01
112101501,112101501_019.png,https://drive.google.com/uc?export=view&id=1b2upbjDkieRXVlb5HcBlamIWCZJiTI8U,image/png,1b2upbjDkieRXVlb5HcBlamIWCZJiTI8U
112101501,112101501_020.png,https://drive.google.com/uc?export=view&id=1fg2BZd0fhDStvA45p1yaOzf283p2lGUj,image/png,1fg2BZd0fhDStvA45p1yaOzf283p2lGUj
112101501,112101501_010.png,https://drive.google.com/uc?export=view&id=1mPfNJkNUwqREHR9489kl-8sIoIv52roW,image/png,1mPfNJkNUwqREHR9489kl-8sIoIv52roW
112101501,112101501_018.png,https://drive.google.com/uc?export=view&id=1nK2heyP2Sj_gn-810XIZ5EJlK_LkztN9,image/png,1nK2heyP2Sj_gn-810XIZ5EJlK_LkztN9
112101501,112101501_011.png,https://drive.google.com/uc?export=view&id=1nzXQW0KXuhnA14Ym_v4Pm4cIrn06mjqa,image/png,1nzXQW0KXuhnA14Ym_v4Pm4cIrn06mjqa
112101501,112101501_016.png,https://drive.google.com/uc?export=view&id=1t7L8DbATaDuVkRyZooK7uRNm6eu6v3cf,image/png,1t7L8DbATaDuVkRyZooK7uRNm6eu6v3cf
112101501,112101501_012.png,https://drive.google.com/uc?export=view&id=1zZRjgCsmu-seRbeRKFGxSl04lmtMUeb8,image/png,1zZRjgCsmu-seRbeRKFGxSl04lmtMUeb8
112101501,112101501_001.png,https://drive.google.com/uc?export=view&id=18RerbaSWleqkUR8ZdmHwDGr_C_H1gH0h,image/png,18RerbaSWleqkUR8ZdmHwDGr_C_H1gH0h
112101501,112101501_006.png,https://drive.google.com/uc?export=view&id=1HTAuJzG3IcYYexqkFxeJM3217UWOE0T9,image/png,1HTAuJzG3IcYYexqkFxeJM3217UWOE0T9
112101501,112101501_002.png,https://drive.google.com/uc?export=view&id=1KDkk3pdR-guR6R0D8QbiXXDspfZiA4ru,image/png,1KDkk3pdR-guR6R0D8QbiXXDspfZiA4ru
112101501,112101501_003.png,https://drive.google.com/uc?export=view&id=1UijYbgNoQJCG6n0DlL-5nKf9PWE73uSs,image/png,1UijYbgNoQJCG6n0DlL-5nKf9PWE73uSs
112101501,112101501_008.png,https://drive.google.com/uc?export=view&id=1bCQPvihTKUSrQQJM_dtMQRSj_bLSyDdK,image/png,1bCQPvihTKUSrQQJM_dtMQRSj_bLSyDdK
112101501,112101501_005.png,https://drive.google.com/uc?export=view&id=1dh2sXJ6aanAYoiVrsQCBJxoX6vjLaBX_,image/png,1dh2sXJ6aanAYoiVrsQCBJxoX6vjLaBX_
112101501,112101501_007.png,https://drive.google.com/uc?export=view&id=1jgsGapARUZZzmmHU7y52M-y0Xg3z5gwA,image/png,1jgsGapARUZZzmmHU7y52M-y0Xg3z5gwA
112101501,112101501_009.png,https://drive.google.com/uc?export=view&id=1qgyIczVxPQ5VtDIup6peFHTZQs2Ek6kp,image/png,1qgyIczVxPQ5VtDIup6peFHTZQs2Ek6kp
112101501,112101501_004.png,https://drive.google.com/uc?export=view&id=1ymwb7eFwpfAqD8W-CttErfMoEAjkYpdl,image/png,1ymwb7eFwpfAqD8W-CttErfMoEAjkYpdl
112101508,meta.json,https://drive.google.com/uc?export=view&id=1y-IvZaOaNArkGFT3ymfdvFabDL3r1kh4,application/json,1y-IvZaOaNArkGFT3ymfdvFabDL3r1kh4
112101526,meta.json,https://drive.google.com/uc?export=view&id=18RJVMpDzPwhuM4-PfvMDI-H3MZ7Cb3BR,application/json,18RJVMpDzPwhuM4-PfvMDI-H3MZ7Cb3BR
112101526,112101526_026.png,https://drive.google.com/uc?export=view&id=1A3k9jSqaLCifPLbJQZ-nzdoM4CjiWoyN,image/png,1A3k9jSqaLCifPLbJQZ-nzdoM4CjiWoyN
112101526,112101526_021.png,https://drive.google.com/uc?export=view&id=1Af2_oQRJDKnptyl7g9XsxUC8MYaktXaY,image/png,1Af2_oQRJDKnptyl7g9XsxUC8MYaktXaY
112101526,112101526_025.png,https://drive.google.com/uc?export=view&id=1CeIr5Yk6yi3HajYd8cKVVOdBIFpj5hws,image/png,1CeIr5Yk6yi3HajYd8cKVVOdBIFpj5hws
112101526,112101526_027.png,https://drive.google.com/uc?export=view&id=1Jm_sLhpWfWFciO_d8nYG4iXCj9BD0nVQ,image/png,1Jm_sLhpWfWFciO_d8nYG4iXCj9BD0nVQ
112101526,112101526_023.png,https://drive.google.com/uc?export=view&id=1KAoWaEziIxIOp_l0dHS0xFSgbcKgg3GP,image/png,1KAoWaEziIxIOp_l0dHS0xFSgbcKgg3GP
112101526,112101526_024.png,https://drive.google.com/uc?export=view&id=1Palk9aSpzKhP8qybDa79xsMP3NWK56zF,image/png,1Palk9aSpzKhP8qybDa79xsMP3NWK56zF
112101526,112101526_022.png,https://drive.google.com/uc?export=view&id=1gAkDN0N8spF3jfbrcwCzIfPKx4LRTuIH,image/png,1gAkDN0N8spF3jfbrcwCzIfPKx4LRTuIH
112101526,112101526_028.png,https://drive.google.com/uc?export=view&id=1m4FihuhBMM7SPjxxsAXqGgL7PPTROIWn,image/png,1m4FihuhBMM7SPjxxsAXqGgL7PPTROIWn
112101526,112101526_012.png,https://drive.google.com/uc?export=view&id=12FBExPT2jD-47d1ENZ4RIH7NzPM6GYvj,image/png,12FBExPT2jD-47d1ENZ4RIH7NzPM6GYvj
112101526,112101526_010.png,https://drive.google.com/uc?export=view&id=13Nao_KL4Ekpyu3ZG-79o6mrouk6EAJZk,image/png,13Nao_KL4Ekpyu3ZG-79o6mrouk6EAJZk
112101526,112101526_019.png,https://drive.google.com/uc?export=view&id=1J-bMlG5jrLrVIXcdc3G0dooBZPxLKINr,image/png,1J-bMlG5jrLrVIXcdc3G0dooBZPxLKINr
112101526,112101526_013.png,https://drive.google.com/uc?export=view&id=1MQmvCzFmi0xLtpFyWUw9UxqxTsOPpG2e,image/png,1MQmvCzFmi0xLtpFyWUw9UxqxTsOPpG2e
112101526,112101526_011.png,https://drive.google.com/uc?export=view&id=1ZIdy4sxivTFK01ul-uRbWNKGuwk4d-2u,image/png,1ZIdy4sxivTFK01ul-uRbWNKGuwk4d-2u
112101526,112101526_014.png,https://drive.google.com/uc?export=view&id=1c8Wy92LNUkucUln41FV4M6b3fOFvVwFN,image/png,1c8Wy92LNUkucUln41FV4M6b3fOFvVwFN
112101526,112101526_020.png,https://drive.google.com/uc?export=view&id=1c8m-mQZ4E90Xy1HVsVgKI_zSqmUhSVpl,image/png,1c8m-mQZ4E90Xy1HVsVgKI_zSqmUhSVpl
112101526,112101526_015.png,https://drive.google.com/uc?export=view&id=1j0nfiFOCe3vf2zco7qZ9Ayomc-UVBD7_,image/png,1j0nfiFOCe3vf2zco7qZ9Ayomc-UVBD7_
112101526,112101526_016.png,https://drive.google.com/uc?export=view&id=1mq6H7qBBCsqOouAGXNz231ttxBjZjjdm,image/png,1mq6H7qBBCsqOouAGXNz231ttxBjZjjdm
112101526,112101526_018.png,https://drive.google.com/uc?export=view&id=1stlVaPMuk_j8B4RX2UxnzisjWUPRpXv6,image/png,1stlVaPMuk_j8B4RX2UxnzisjWUPRpXv6
112101526,112101526_017.png,https://drive.google.com/uc?export=view&id=1yN8LnBHtVdAMS5k0eS8IRuAO_JAZGasR,image/png,1yN8LnBHtVdAMS5k0eS8IRuAO_JAZGasR
112101526,112101526_003.png,https://drive.google.com/uc?export=view&id=19iaM4ORudIuJnQFJ9q3vnQbdhPGeHc6N,image/png,19iaM4ORudIuJnQFJ9q3vnQbdhPGeHc6N
112101526,112101526_007.png,https://drive.google.com/uc?export=view&id=1HGMYeZ9N1bMM8kkacynlkitqU8_FXrWK,image/png,1HGMYeZ9N1bMM8kkacynlkitqU8_FXrWK
112101526,112101526_002.png,https://drive.google.com/uc?export=view&id=1Smqcy5b8SGT7GWPpgeUuLRE84Lmh1G45,image/png,1Smqcy5b8SGT7GWPpgeUuLRE84Lmh1G45
112101526,112101526_006.png,https://drive.google.com/uc?export=view&id=1SpIy1mpVF5_XwQeKpXLiJAxSI5MZhy0O,image/png,1SpIy1mpVF5_XwQeKpXLiJAxSI5MZhy0O
112101526,112101526_004.png,https://drive.google.com/uc?export=view&id=1j3mcZjWLFichciriFTLcWaj66FwvNAik,image/png,1j3mcZjWLFichciriFTLcWaj66FwvNAik
112101526,112101526_009.png,https://drive.google.com/uc?export=view&id=1l0yYQ782JCQdS1LwGny8ti67dqmewwHz,image/png,1l0yYQ782JCQdS1LwGny8ti67dqmewwHz
112101526,112101526_008.png,https://drive.google.com/uc?export=view&id=1l9nFnXN_PmmXjHPdVCjlSf2crKOk5_4M,image/png,1l9nFnXN_PmmXjHPdVCjlSf2crKOk5_4M
112101526,112101526_005.png,https://drive.google.com/uc?export=view&id=1yRT5ZdfweHEwsZTIsJg367dxGwg-u56C,image/png,1yRT5ZdfweHEwsZTIsJg367dxGwg-u56C
112101526,112101526_001.png,https://drive.google.com/uc?export=view&id=1ynSN3Gtn8KdASRzYMXTz8LtC1p-f1unu,image/png,1ynSN3Gtn8KdASRzYMXTz8LtC1p-f1unu
112101516,meta.json,https://drive.google.com/uc?export=view&id=1HcGjD1NyL0awIFoHeZNoYZLYGCUZBsjV,application/json,1HcGjD1NyL0awIFoHeZNoYZLYGCUZBsjV
112101516,audio.wav,https://drive.google.com/uc?export=view&id=19KzLlmXy-_5QGri0lwasD5tQMlZJ2IL9,audio/wav,19KzLlmXy-_5QGri0lwasD5tQMlZJ2IL9
game_links,112101527.txt,https://drive.google.com/uc?export=view&id=1c1_H3vE6_GVRNKVZmGmLz0o5RJzujMSn,text/plain,1c1_H3vE6_GVRNKVZmGmLz0o5RJzujMSn
game_links,110101005.txt,https://drive.google.com/uc?export=view&id=1ntJoLa4IAooI7y96lpFmn5rn-9_Ya2df,text/plain,1ntJoLa4IAooI7y96lpFmn5rn-9_Ya2df
game_links,112101508.txt,https://drive.google.com/uc?export=view&id=1oAh7XnQYRjUuBY_qbJ0AZ8pfh_RV5djw,text/plain,1oAh7XnQYRjUuBY_qbJ0AZ8pfh_RV5djw
112101527,meta.json,https://drive.google.com/uc?export=view&id=1BDx17BeWq0ArEVo-5Qn_zrWr29oizZnx,application/json,1BDx17BeWq0ArEVo-5Qn_zrWr29oizZnx
112101515,meta.json,https://drive.google.com/uc?export=view&id=1SCwxgVPPwIYaaNvUZuueqqH8EL0nDM3b,application/json,1SCwxgVPPwIYaaNvUZuueqqH8EL0nDM3b
112101515,112101515_021.png,https://drive.google.com/uc?export=view&id=16aef0LLIPFgr1l8ao0woF2a7GQa9tRRi,image/png,16aef0LLIPFgr1l8ao0woF2a7GQa9tRRi
112101515,112101515_019.png,https://drive.google.com/uc?export=view&id=1D7D60V5JUthM_9_hKehPHKCJ9_CZNvl0,image/png,1D7D60V5JUthM_9_hKehPHKCJ9_CZNvl0
112101515,112101515_022.png,https://drive.google.com/uc?export=view&id=1QZsGxCHOw58Nm6fSFFt7kydbNy6ltGDc,image/png,1QZsGxCHOw58Nm6fSFFt7kydbNy6ltGDc
112101515,112101515_020.png,https://drive.google.com/uc?export=view&id=1pmIiQc9w-Ux3hrF3-5VACf1VlwDpjGOZ,image/png,1pmIiQc9w-Ux3hrF3-5VACf1VlwDpjGOZ
112101515,112101515_016.png,https://drive.google.com/uc?export=view&id=1Jsq_mdVJb8NurT5lt0IiulE9mon-Wr3_,image/png,1Jsq_mdVJb8NurT5lt0IiulE9mon-Wr3_
112101515,112101515_013.png,https://drive.google.com/uc?export=view&id=1MvuWTJf8rQl48rpotqXSU7VLKNLPkjkA,image/png,1MvuWTJf8rQl48rpotqXSU7VLKNLPkjkA
112101515,112101515_018.png,https://drive.google.com/uc?export=view&id=1Q7Adj4AWaTkbQqwEA_NpD5SjYF_PpyhJ,image/png,1Q7Adj4AWaTkbQqwEA_NpD5SjYF_PpyhJ
112101515,112101515_009.png,https://drive.google.com/uc?export=view&id=1QWmGwkA6Jh_KLhSd9DB8vf5jmfVEBpvu,image/png,1QWmGwkA6Jh_KLhSd9DB8vf5jmfVEBpvu
112101515,112101515_017.png,https://drive.google.com/uc?export=view&id=1Rbs23ZxAy2Y3IilZtm8tpJ5nMdS8EUR7,image/png,1Rbs23ZxAy2Y3IilZtm8tpJ5nMdS8EUR7
112101515,112101515_014.png,https://drive.google.com/uc?export=view&id=1cBR48jwyZlhjr8hDc_lirWBQcKHh-qeg,image/png,1cBR48jwyZlhjr8hDc_lirWBQcKHh-qeg
112101515,112101515_008.png,https://drive.google.com/uc?export=view&id=1mBYGfDPnf3wC2T3JeH55-8lRZExXkGoP,image/png,1mBYGfDPnf3wC2T3JeH55-8lRZExXkGoP
112101515,112101515_011.png,https://drive.google.com/uc?export=view&id=1r4Ew_I54qXbUejmPQ6-kVgicZSmFb4-L,image/png,1r4Ew_I54qXbUejmPQ6-kVgicZSmFb4-L
112101515,112101515_015.png,https://drive.google.com/uc?export=view&id=1rNwlrRM8bzvy8kpQR1oPHOAGwh1VW-i1,image/png,1rNwlrRM8bzvy8kpQR1oPHOAGwh1VW-i1
112101515,112101515_010.png,https://drive.google.com/uc?export=view&id=1rRJCBNhU0FgvfyXarX8mPzUEPKScr1Da,image/png,1rRJCBNhU0FgvfyXarX8mPzUEPKScr1Da
112101515,112101515_012.png,https://drive.google.com/uc?export=view&id=1rnoLAfbO1MfocE6dkTPllSi_N2CrXBwf,image/png,1rnoLAfbO1MfocE6dkTPllSi_N2CrXBwf
112101515,112101515_005.png,https://drive.google.com/uc?export=view&id=13wTLf0R_rzctY2hKuTX55R8xtpv-0nR0,image/png,13wTLf0R_rzctY2hKuTX55R8xtpv-0nR0
112101515,112101515_007.png,https://drive.google.com/uc?export=view&id=14UHx3XBY6jibUnglVlZT5r5-955k9mnd,image/png,14UHx3XBY6jibUnglVlZT5r5-955k9mnd
112101515,112101515_006.png,https://drive.google.com/uc?export=view&id=1T-UQUFJafcVpi2L_VP6Q8oyOpwK1nLQq,image/png,1T-UQUFJafcVpi2L_VP6Q8oyOpwK1nLQq
112101515,112101515_002.png,https://drive.google.com/uc?export=view&id=1XXEnUJj5Lg_08xSD1YvagKKkPTuZRiFH,image/png,1XXEnUJj5Lg_08xSD1YvagKKkPTuZRiFH
112101515,112101515_003.png,https://drive.google.com/uc?export=view&id=1ba-x52w9gVEUh4kkrSiUWT28dLtdfv9T,image/png,1ba-x52w9gVEUh4kkrSiUWT28dLtdfv9T
112101515,112101515_001.png,https://drive.google.com/uc?export=view&id=1ce19El5IEcj9f7IGoKEvAUZvYWZ-od7o,image/png,1ce19El5IEcj9f7IGoKEvAUZvYWZ-od7o
112101515,112101515_004.png,https://drive.google.com/uc?export=view&id=1rDC3GHiv7fKH3DwKHPDRy3L6sKyyvZNs,image/png,1rDC3GHiv7fKH3DwKHPDRy3L6sKyyvZNs
Z1130195,Z1130195_040.png,https://drive.google.com/uc?export=view&id=1KTbt20p-jubwxKjWUPjxa523pG_yjIBK,image/png,1KTbt20p-jubwxKjWUPjxa523pG_yjIBK
Z1130195,meta.json,https://drive.google.com/uc?export=view&id=1X8P-XMHlDmW3PHSfKErzonYn_dn-xaDf,application/json,1X8P-XMHlDmW3PHSfKErzonYn_dn-xaDf
Z1130195,Z1130195_037.png,https://drive.google.com/uc?export=view&id=19zg30b1n3c_JybTgTeoStHYrUe5Ep1Zv,image/png,19zg30b1n3c_JybTgTeoStHYrUe5Ep1Zv
Z1130195,Z1130195_038.png,https://drive.google.com/uc?export=view&id=1JeXWz5uPePe5fb8S5AnySyZqRDVYFdKr,image/png,1JeXWz5uPePe5fb8S5AnySyZqRDVYFdKr
Z1130195,Z1130195_039.png,https://drive.google.com/uc?export=view&id=1h3SidXLHcywz9VN-uU3FOJqQbeV7xZVw,image/png,1h3SidXLHcywz9VN-uU3FOJqQbeV7xZVw
Z1130195,Z1130195_033.png,https://drive.google.com/uc?export=view&id=13VQRbhayAYIMomBtIAii55ema44_ipnP,image/png,13VQRbhayAYIMomBtIAii55ema44_ipnP
Z1130195,Z1130195_035.png,https://drive.google.com/uc?export=view&id=1D5pg7QdepDXaxK6USSzwVCj_B0yV2mKN,image/png,1D5pg7QdepDXaxK6USSzwVCj_B0yV2mKN
Z1130195,Z1130195_036.png,https://drive.google.com/uc?export=view&id=1YaYadKEWqk9ZX8moa39oGnWMpD1ehOkA,image/png,1YaYadKEWqk9ZX8moa39oGnWMpD1ehOkA
Z1130195,Z1130195_034.png,https://drive.google.com/uc?export=view&id=1bVI2Zixaym8UtdPQbszjH4q6gSF7yU1Y,image/png,1bVI2Zixaym8UtdPQbszjH4q6gSF7yU1Y
Z1130195,Z1130195_028.png,https://drive.google.com/uc?export=view&id=14PIavLFEzI8aSbaTv0CoIW4mhF_zTq5t,image/png,14PIavLFEzI8aSbaTv0CoIW4mhF_zTq5t
Z1130195,Z1130195_030.png,https://drive.google.com/uc?export=view&id=15FpWlwNRtSaPgNx6MXF4sJ18tIghPxnW,image/png,15FpWlwNRtSaPgNx6MXF4sJ18tIghPxnW
Z1130195,Z1130195_031.png,https://drive.google.com/uc?export=view&id=1F16pIcVOSJsfH1kMA2gCGfaVERG0ZiI4,image/png,1F16pIcVOSJsfH1kMA2gCGfaVERG0ZiI4
Z1130195,Z1130195_027.png,https://drive.google.com/uc?export=view&id=1LhTJJR4_uDh7lqTdBYHiHLSq9LKrz5EW,image/png,1LhTJJR4_uDh7lqTdBYHiHLSq9LKrz5EW
Z1130195,Z1130195_032.png,https://drive.google.com/uc?export=view&id=1XKpN1TeRjg3SV2LDOepjZiYpp-05UTvj,image/png,1XKpN1TeRjg3SV2LDOepjZiYpp-05UTvj
Z1130195,Z1130195_029.png,https://drive.google.com/uc?export=view&id=1x-3RGEd-_Tdtlj5-1z79DveXFAehG49G,image/png,1x-3RGEd-_Tdtlj5-1z79DveXFAehG49G
Z1130195,Z1130195_021.png,https://drive.google.com/uc?export=view&id=13kKtOj9t0mf4C-Qal9wjoDdFENCE9Kwf,image/png,13kKtOj9t0mf4C-Qal9wjoDdFENCE9Kwf
Z1130195,Z1130195_023.png,https://drive.google.com/uc?export=view&id=15atKmGM9NEiwkCEjfH81TvKD0HpT68M3,image/png,15atKmGM9NEiwkCEjfH81TvKD0HpT68M3
Z1130195,Z1130195_022.png,https://drive.google.com/uc?export=view&id=1OvS-jLC3OjY38C5Ma9FLnWzTEvXahVx-,image/png,1OvS-jLC3OjY38C5Ma9FLnWzTEvXahVx-
Z1130195,Z1130195_018.png,https://drive.google.com/uc?export=view&id=1QEM9FY3_Gm_5kdUdkWR06WV5vzBvp3ZF,image/png,1QEM9FY3_Gm_5kdUdkWR06WV5vzBvp3ZF
Z1130195,Z1130195_017.png,https://drive.google.com/uc?export=view&id=1WIpYy8QPNr1gaxpXr83HzSTcfM-VEMFY,image/png,1WIpYy8QPNr1gaxpXr83HzSTcfM-VEMFY
Z1130195,Z1130195_026.png,https://drive.google.com/uc?export=view&id=1cE2p0vUEmwbkMXLHR4g2bRNlgnWlr8eW,image/png,1cE2p0vUEmwbkMXLHR4g2bRNlgnWlr8eW
Z1130195,Z1130195_019.png,https://drive.google.com/uc?export=view&id=1oBUx6O-ouFsCtC5ifxYPkN7kLDcVgqRA,image/png,1oBUx6O-ouFsCtC5ifxYPkN7kLDcVgqRA
Z1130195,Z1130195_020.png,https://drive.google.com/uc?export=view&id=1rnhkpZ-dIq3M8oTSe6KMN9qZ-BNXQr1w,image/png,1rnhkpZ-dIq3M8oTSe6KMN9qZ-BNXQr1w
Z1130195,Z1130195_024.png,https://drive.google.com/uc?export=view&id=1slN5S0FEjgxInfz7REELh87xXW_su22C,image/png,1slN5S0FEjgxInfz7REELh87xXW_su22C
Z1130195,Z1130195_025.png,https://drive.google.com/uc?export=view&id=1zO3zNAgfFRAUwfED1YjHles_n6fUD5xO,image/png,1zO3zNAgfFRAUwfED1YjHles_n6fUD5xO
Z1130195,Z1130195_014.png,https://drive.google.com/uc?export=view&id=1F4F0flOFCwYBDoSU86-nh79Op8Rldcta,image/png,1F4F0flOFCwYBDoSU86-nh79Op8Rldcta
Z1130195,Z1130195_015.png,https://drive.google.com/uc?export=view&id=1LgTkgUM3WFm-Ct2CbgL4c5JCmlAeKCUH,image/png,1LgTkgUM3WFm-Ct2CbgL4c5JCmlAeKCUH
Z1130195,Z1130195_013.png,https://drive.google.com/uc?export=view&id=1rXHcYdpw3G84Ko4v978cC_nhhCPutmpK,image/png,1rXHcYdpw3G84Ko4v978cC_nhhCPutmpK
Z1130195,Z1130195_016.png,https://drive.google.com/uc?export=view&id=1sRRubwWBQSqskjtsECBm5nSxKU_mLE_L,image/png,1sRRubwWBQSqskjtsECBm5nSxKU_mLE_L
Z1130195,Z1130195_011.png,https://drive.google.com/uc?export=view&id=1CHsYMms9T5O7q688Vx6a7PcU7jf9E9H_,image/png,1CHsYMms9T5O7q688Vx6a7PcU7jf9E9H_
Z1130195,Z1130195_012.png,https://drive.google.com/uc?export=view&id=1DNgpqByVacB9UEtLZYnz-fckL76JHa3j,image/png,1DNgpqByVacB9UEtLZYnz-fckL76JHa3j
Z1130195,Z1130195_008.png,https://drive.google.com/uc?export=view&id=1WuMzbEOEoV9huEX12BLHRXdnlRA7hWh9,image/png,1WuMzbEOEoV9huEX12BLHRXdnlRA7hWh9
Z1130195,Z1130195_007.png,https://drive.google.com/uc?export=view&id=1ajp1TA3hqrbkIoNnxqk2pYhuvDYuV5Ta,image/png,1ajp1TA3hqrbkIoNnxqk2pYhuvDYuV5Ta
Z1130195,Z1130195_010.png,https://drive.google.com/uc?export=view&id=1b_AxOg_ZM9hhPR8M0O-evY_t_NboXGEG,image/png,1b_AxOg_ZM9hhPR8M0O-evY_t_NboXGEG
Z1130195,Z1130195_009.png,https://drive.google.com/uc?export=view&id=1rbGTtuGrDrY5YPW4MoXZTYrA1JFKVK7s,image/png,1rbGTtuGrDrY5YPW4MoXZTYrA1JFKVK7s
Z1130195,Z1130195_003.png,https://drive.google.com/uc?export=view&id=1PZkoLU9A-x3il7-jhxaSCeWVSN6mxowG,image/png,1PZkoLU9A-x3il7-jhxaSCeWVSN6mxowG
Z1130195,Z1130195_002.png,https://drive.google.com/uc?export=view&id=1_SdoRLN4lkZ1d2UerDRriRILu1XfXdQy,image/png,1_SdoRLN4lkZ1d2UerDRriRILu1XfXdQy
Z1130195,Z1130195_001.png,https://drive.google.com/uc?export=view&id=1bpJCfOOXfgb5ce-69yaZCEXeyBF4xHfd,image/png,1bpJCfOOXfgb5ce-69yaZCEXeyBF4xHfd
Z1130195,Z1130195_006.png,https://drive.google.com/uc?export=view&id=1jD_bSt63X6pPYZPVMJVsPbkLOMqEWuAT,image/png,1jD_bSt63X6pPYZPVMJVsPbkLOMqEWuAT
Z1130195,Z1130195_005.png,https://drive.google.com/uc?export=view&id=1uFjzpIjtfw2fk8pVy0Z_MWP0BEav5mKw,image/png,1uFjzpIjtfw2fk8pVy0Z_MWP0BEav5mKw
Z1130195,Z1130195_004.png,https://drive.google.com/uc?export=view&id=1v_HGoYlvH5Ab4Wm9QK6DCMNujY8Pi3bh,image/png,1v_HGoYlvH5Ab4Wm9QK6DCMNujY8Pi3bh
112101529,meta.json,https://drive.google.com/uc?export=view&id=1DkJ7eF8ZyLPgC7xkdzgRSdlOpO-1sOyT,application/json,1DkJ7eF8ZyLPgC7xkdzgRSdlOpO-1sOyT
112101529,112101529_014.png,https://drive.google.com/uc?export=view&id=17We7OxlP5ESqn-kmUjm6tTNFog-SyUG1,image/png,17We7OxlP5ESqn-kmUjm6tTNFog-SyUG1
112101529,112101529_013.png,https://drive.google.com/uc?export=view&id=1BPaqkGO1692ZU1aYOuBJycWTQXCkrvss,image/png,1BPaqkGO1692ZU1aYOuBJycWTQXCkrvss
112101529,112101529_012.png,https://drive.google.com/uc?export=view&id=1RUSlz0FnBZz-G09tpXpEOzSk9NSG9UIm,image/png,1RUSlz0FnBZz-G09tpXpEOzSk9NSG9UIm
112101529,112101529_011.png,https://drive.google.com/uc?export=view&id=1qOMHp7xJBpWvMPdh_JGMko8yvCLBJR4u,image/png,1qOMHp7xJBpWvMPdh_JGMko8yvCLBJR4u
112101529,112101529_010.png,https://drive.google.com/uc?export=view&id=1wwmeo5lMKSTTsCPBGQgbD_LxCuYyFKsI,image/png,1wwmeo5lMKSTTsCPBGQgbD_LxCuYyFKsI
112101529,112101529_009.png,https://drive.google.com/uc?export=view&id=1B7sLoPmdgQm4SqWczmirSMlogC8EFvOu,image/png,1B7sLoPmdgQm4SqWczmirSMlogC8EFvOu
112101529,112101529_006.png,https://drive.google.com/uc?export=view&id=1GkausPP2NXfGmrINOqaScNv1TLtvY053,image/png,1GkausPP2NXfGmrINOqaScNv1TLtvY053
112101529,112101529_008.png,https://drive.google.com/uc?export=view&id=1T5mUn8Mwv1E3n1H2IMdaeWzoiOg_Q2Sw,image/png,1T5mUn8Mwv1E3n1H2IMdaeWzoiOg_Q2Sw
112101529,112101529_005.png,https://drive.google.com/uc?export=view&id=1YWSlN2Y9qblx_b8cCkbpPu7LWpAd5fGL,image/png,1YWSlN2Y9qblx_b8cCkbpPu7LWpAd5fGL
112101529,112101529_004.png,https://drive.google.com/uc?export=view&id=1a34SdNOk_ecXDWEycwD-tu3rQmqwuxgp,image/png,1a34SdNOk_ecXDWEycwD-tu3rQmqwuxgp
112101529,112101529_007.png,https://drive.google.com/uc?export=view&id=1tEmA6m79lf4muWKv0vUp-C63Oqxm8nVi,image/png,1tEmA6m79lf4muWKv0vUp-C63Oqxm8nVi
112101529,112101529_002.png,https://drive.google.com/uc?export=view&id=1b3kPUHxVHigKjS34phLGUcuF5ISsvOJX,image/png,1b3kPUHxVHigKjS34phLGUcuF5ISsvOJX
112101529,112101529_003.png,https://drive.google.com/uc?export=view&id=1ruvXy-wK6gqS7PCMlifQXWyVFv6bCyKR,image/png,1ruvXy-wK6gqS7PCMlifQXWyVFv6bCyKR
112101529,112101529_001.png,https://drive.google.com/uc?export=view&id=1sfhA4U2fv5OM5_ShbFBAZV8lVdLiSUwA,image/png,1sfhA4U2fv5OM5_ShbFBAZV8lVdLiSUwA
112101522,meta.json,https://drive.google.com/uc?export=view&id=1o7YL1NSHU-p-KeRbxny19cZcPoJlUye0,application/json,1o7YL1NSHU-p-KeRbxny19cZcPoJlUye0
112101522,video.mp4,https://drive.google.com/uc?export=view&id=1eS3f10OBbAYaq2Pbbk0H4s944Dqm5GCC,video/mp4,1eS3f10OBbAYaq2Pbbk0H4s944Dqm5GCC
112101518,meta.json,https://drive.google.com/uc?export=view&id=1nO6ArgyI8grnTT85V7yvpTlenZgkueUT,application/json,1nO6ArgyI8grnTT85V7yvpTlenZgkueUT
112101518,112101518_015.png,https://drive.google.com/uc?export=view&id=15FccjLQtHm6wBavpqeVAArca5XrxbXAB,image/png,15FccjLQtHm6wBavpqeVAArca5XrxbXAB
112101518,112101518_013.png,https://drive.google.com/uc?export=view&id=1PU4srYbGRU5FfPgVCiPgowhjbJ7hiQ0a,image/png,1PU4srYbGRU5FfPgVCiPgowhjbJ7hiQ0a
112101518,112101518_018.png,https://drive.google.com/uc?export=view&id=1U8oZSbmq6iBiVddJa6TCmO54NB3DbxcX,image/png,1U8oZSbmq6iBiVddJa6TCmO54NB3DbxcX
112101518,112101518_017.png,https://drive.google.com/uc?export=view&id=1fn7CB58pkBvEXiKXX8B_1LZUj3IC9n6T,image/png,1fn7CB58pkBvEXiKXX8B_1LZUj3IC9n6T
112101518,112101518_014.png,https://drive.google.com/uc?export=view&id=1mZnIvGiYUYMwqk5hNPu2RduU6JQ8fqCd,image/png,1mZnIvGiYUYMwqk5hNPu2RduU6JQ8fqCd
112101518,112101518_016.png,https://drive.google.com/uc?export=view&id=1pbATCLJ8kV2-7Ya8bBW8R1sCSQdlrJ2V,image/png,1pbATCLJ8kV2-7Ya8bBW8R1sCSQdlrJ2V
112101518,112101518_019.png,https://drive.google.com/uc?export=view&id=1sGrI1_urBwVv3SGohVuuD7VLv5A3afnU,image/png,1sGrI1_urBwVv3SGohVuuD7VLv5A3afnU
112101518,112101518_012.png,https://drive.google.com/uc?export=view&id=1xncIYk-RdzSBf8RjJRCxd9RAd4nNpm3O,image/png,1xncIYk-RdzSBf8RjJRCxd9RAd4nNpm3O
112101518,112101518_003.png,https://drive.google.com/uc?export=view&id=146Y-hulsZiS4VtF0owGQtFF_bLaeYrt-,image/png,146Y-hulsZiS4VtF0owGQtFF_bLaeYrt-
112101518,112101518_006.png,https://drive.google.com/uc?export=view&id=15zpn3Qt4WEKHcrwQLDwxnLZ5G2uwm4-j,image/png,15zpn3Qt4WEKHcrwQLDwxnLZ5G2uwm4-j
112101518,112101518_004.png,https://drive.google.com/uc?export=view&id=16ly6VeVSjDBdLIu1O6DXwVKphlPKSjMa,image/png,16ly6VeVSjDBdLIu1O6DXwVKphlPKSjMa
112101518,112101518_009.png,https://drive.google.com/uc?export=view&id=1EF7B4Ld-cSCUrSJs9mF9JSGGWsREGW4E,image/png,1EF7B4Ld-cSCUrSJs9mF9JSGGWsREGW4E
112101518,112101518_008.png,https://drive.google.com/uc?export=view&id=1EXa0GN8Xy29K9DRU1ndvUw7T1hdGU5G_,image/png,1EXa0GN8Xy29K9DRU1ndvUw7T1hdGU5G_
112101518,112101518_010.png,https://drive.google.com/uc?export=view&id=1KAquZZksREGPQnmWMrsDXc4ZyK59mbAs,image/png,1KAquZZksREGPQnmWMrsDXc4ZyK59mbAs
112101518,112101518_011.png,https://drive.google.com/uc?export=view&id=1LuQA65zdK1wZr67mEAOZeUgJznE6oyko,image/png,1LuQA65zdK1wZr67mEAOZeUgJznE6oyko
112101518,112101518_005.png,https://drive.google.com/uc?export=view&id=1O5Qj_pOzLa4wU6YbZaeM64W50FiSVrce,image/png,1O5Qj_pOzLa4wU6YbZaeM64W50FiSVrce
112101518,112101518_007.png,https://drive.google.com/uc?export=view&id=1wdoq0twcst0W9vCpFIvoBc6PV3GmxwBt,image/png,1wdoq0twcst0W9vCpFIvoBc6PV3GmxwBt
112101518,112101518_001.png,https://drive.google.com/uc?export=view&id=1BEU_MJLxU1YzZfxPU5q3_JP6vevO7n1y,image/png,1BEU_MJLxU1YzZfxPU5q3_JP6vevO7n1y
112101518,112101518_002.png,https://drive.google.com/uc?export=view&id=1RxDrgCvVaEnNYPP7P5_y3YzD8JIGOy9l,image/png,1RxDrgCvVaEnNYPP7P5_y3YzD8JIGOy9l
112101517,meta.json,https://drive.google.com/uc?export=view&id=1mGS2PoU48jFEMJXDvhQiBR6DqS3afkB8,application/json,1mGS2PoU48jFEMJXDvhQiBR6DqS3afkB8
112101517,112101517_011.png,https://drive.google.com/uc?export=view&id=13gk8P1Z15mlym1VB81JXPNPNcL_Zz4pf,image/png,13gk8P1Z15mlym1VB81JXPNPNcL_Zz4pf
112101517,112101517_008.png,https://drive.google.com/uc?export=view&id=18e-OxEm334proKhctCsoVwENihlQ_NQU,image/png,18e-OxEm334proKhctCsoVwENihlQ_NQU
112101517,112101517_009.png,https://drive.google.com/uc?export=view&id=1CxdJlJmtg6Do39vbcfOGVMuBLqzMjMw6,image/png,1CxdJlJmtg6Do39vbcfOGVMuBLqzMjMw6
112101517,112101517_004.png,https://drive.google.com/uc?export=view&id=1VZ4wXEWcfkcSjI5gtH6HoknjFgx6BJA0,image/png,1VZ4wXEWcfkcSjI5gtH6HoknjFgx6BJA0
112101517,112101517_006.png,https://drive.google.com/uc?export=view&id=1WRrNfIF-hh6axaVwYlDtTAX4guhyBU5Q,image/png,1WRrNfIF-hh6axaVwYlDtTAX4guhyBU5Q
112101517,112101517_007.png,https://drive.google.com/uc?export=view&id=1eOHTgIC_z6IKp4MzieqV08ILdSn3TItC,image/png,1eOHTgIC_z6IKp4MzieqV08ILdSn3TItC
112101517,112101517_003.png,https://drive.google.com/uc?export=view&id=1kHBztBPgftalgYWwOOC_iOrKB497Ba_K,image/png,1kHBztBPgftalgYWwOOC_iOrKB497Ba_K
112101517,112101517_005.png,https://drive.google.com/uc?export=view&id=1niXR-u92afdFti0I8NPO8RmkP3a5nxtH,image/png,1niXR-u92afdFti0I8NPO8RmkP3a5nxtH
112101517,112101517_010.png,https://drive.google.com/uc?export=view&id=1oehyq8kDz2l2D8BfD-l8878H2Hxg2RIT,image/png,1oehyq8kDz2l2D8BfD-l8878H2Hxg2RIT
112101517,112101517_001.png,https://drive.google.com/uc?export=view&id=1PESa2dlDv_31Fv9gvZJgMforcJrSAYix,image/png,1PESa2dlDv_31Fv9gvZJgMforcJrSAYix
112101517,112101517_002.png,https://drive.google.com/uc?export=view&id=1j1L_8j3ca7nmCeTdbPea6xklT1wKvXzf,image/png,1j1L_8j3ca7nmCeTdbPea6xklT1wKvXzf
(root),mediaList.json,https://drive.google.com/uc?export=view&id=1OleY5IMNYCmESSQ_EkpCvHYNL5lgp_7h,application/json,1OleY5IMNYCmESSQ_EkpCvHYNL5lgp_7h
(root),unmatched_files.txt,https://drive.google.com/uc?export=view&id=1rE9Y0FiegALZFfWgm03LlMqbdufYi3gR,text/plain,1rE9Y0FiegALZFfWgm03LlMqbdufYi3gR